health_sys_id,health_sys_name,health_sys_city,health_sys_state,in_onekey,in_aha,onekey_id,aha_sysid,total_mds,prim_care_mds,total_nps,total_pas,grp_cnt,hosp_cnt,acutehosp_cnt,nh_cnt,sys_multistate,sys_beds,sys_dsch,sys_res,maj_inv_owned,deg_children,sys_incl_majteachhosp,sys_incl_vmajteachhosp,sys_teachint,sys_incl_highdpphosp,sys_highucburden,sys_incl_highuchosp,sys_anyins_product,sys_mcare_adv,sys_mcaid_mngcare,sys_healthins_mktplc,sys_ma_plan_contracts,sys_ma_plan_enroll,sys_apm,sys_aco,sys_ebpm,sys_pctm
HSI00000008,Adena Health System,Chillicothe,OH,1,1,17780403,0895,221,89,94,12,51,3,3,0,1,239,10533,45.79,0,0,0,0,1,0,1,1,0,0,0,0,,,1,144,0,28
HSI00000010,Adventist Health System,Altamonte Springs,FL,1,1,17773293,4165,2558,940,668,269,570,34,33,15,3,7700,366041,209.41,0,0,0,0,1,1,1,1,1,1,1,1,,,1,1342,0,30
HSI00000011,Adventist Health,Roseville,CA,1,1,17773620,0235,1716,621,358,300,345,28,25,5,3,2659,136567,123.41,0,0,0,0,1,1,0,1,1,1,1,0,,,1,232,0,26
HSI00000012,Adventist Healthcare,Gaithersburg,MD,1,1,17773292,0214,283,85,46,63,46,4,2,0,1,496,33181,0,0,0,0,0,0,1,0,0,1,0,0,0,,,0,0,0,0
HSI00000018,Alameda Health System,Oakland,CA,1,1,18283551,0225,474,163,44,43,9,3,3,4,1,265,15310,99.99,0,0,1,0,2,1,1,1,0,0,0,0,,,0,0,0,0
HSI00000019,Albany Medical Center,Albany,NY,1,0,18202149,,731,152,111,141,88,3,2,0,1,909,49205,366.91,0,0,1,0,2,0,0,0,0,0,0,0,,,1,0,0,38
HSI00000020,Albert Einstein Healthcare Network,Philadelphia,PA,1,1,18150651,1685,961,301,86,87,101,2,2,1,1,577,37134,325.61,0,0,1,1,2,1,0,0,1,1,1,0,,,1,477,20,0
HSI00000021,Alecto Healthcare Services,Irvine,CA,1,1,18394721,1020,209,42,15,20,16,7,6,1,3,905,23673,32.2,1,0,1,0,1,1,0,1,0,0,0,0,,,0,0,0,0
HSI00000025,Allegheny Health Network,Pittsburgh,PA,1,1,17773987,0199,3094,525,280,294,382,8,8,1,2,1858,81024,559.76,0,0,1,1,2,0,0,0,0,0,0,0,H3916; H3957; H5106; H5932; H9190,315859,1,1039,56,0
HSI00000029,Allina Health System,Minneapolis,MN,1,1,17773295,0041,1728,829,335,243,200,13,12,1,2,1725,116339,64.26,0,0,0,0,1,0,0,0,1,1,0,1,,,1,613,0,0
HSI00000032,Altru Health System,Grand Forks,ND,1,0,17830969,,295,126,57,28,29,1,1,0,1,276,14257,30.19,0,0,0,0,1,0,0,0,1,0,0,1,,,1,0,0,33
HSI00000034,Anderson Regional Health System,Meridian,MS,1,0,18359667,,69,14,42,5,25,2,2,0,1,293,11489,0.23,0,0,0,0,1,0,0,0,0,0,0,0,,,1,24,0,0
HSI00000036,Ann and Robert H Lurie Childrens Hospital,Chicago,IL,1,0,17773934,,552,207,251,10,13,1,1,0,1,312,11868,244.49,0,2,1,1,2,0,0,0,0,0,0,0,,,0,0,0,0
HSI00000038,Anne Arundel Health System,Annapolis,MD,1,0,17830970,,397,98,105,75,91,1,1,0,1,415,25069,8.64,0,0,0,0,1,0,0,0,1,1,0,0,,,1,234,0,0
HSI00000041,Appalachian Regional Healthcare,Lexington,KY,1,1,17774074,0145,210,77,64,14,47,12,12,1,2,803,26280,9.32,0,0,0,0,1,1,0,1,0,0,0,0,,,0,0,0,0
HSI00000042,Appalachian Regional Healthcare System,Boone,NC,1,1,18197550,0866,98,34,40,16,23,2,2,1,1,119,4555,0,0,0,0,0,0,0,0,0,0,0,0,0,,,1,58,0,0
HSI00000045,Archbold Medical Center,Thomasville,GA,1,1,17830971,0104,119,41,37,20,26,4,4,3,1,322,10650,0,0,0,0,0,0,0,1,1,0,0,0,0,,,0,0,0,0
HSI00000046,Ardent Health Services,Nashville,TN,1,1,17847721,0069,1127,441,393,141,236,29,23,1,3,3158,153859,142.58,1,0,0,0,1,1,0,1,1,0,0,0,,,1,143,7,84
HSI00000048,Jefferson Health,Radnor,PA,1,1,17773319,7775,3050,853,480,225,322,6,5,2,2,2518,118394,1072.32,0,0,1,1,2,0,0,0,1,1,1,0,,,1,1549,53,238
HSI00000050,Arkansas Childrens Hospital,Little Rock,AR,1,0,18294566,,353,161,98,7,12,1,1,0,1,336,10244,157.7,0,2,1,0,2,0,0,0,0,0,0,0,,,0,0,0,0
HSI00000051,Armstrong County Memorial Hospital,Kittanning,PA,1,0,18155944,,72,29,16,18,21,1,1,1,1,133,4702,0,0,0,0,0,0,0,0,0,0,0,0,0,,,0,0,0,0
HSI00000052,Arnot Health,Elmira,NY,1,1,18162204,0809,248,91,58,32,60,3,3,2,1,274,10797,75.19,0,0,1,0,2,1,0,0,0,0,0,0,,,0,0,0,0
HSI00000053,Arrowhead Regional Medical Center,Colton,CA,1,0,18200674,,389,147,29,80,4,1,1,0,1,366,19884,145.71,0,0,1,0,2,1,1,1,0,0,0,0,,,0,0,0,0
HSI00000054,Asante Health System,Medford,OR,1,1,17817687,0094,252,93,78,41,40,3,3,0,1,448,25462,0,0,0,0,0,0,0,1,0,1,1,0,0,,,1,0,0,32
HSI00000055,Ascension Health,Saint Louis,MO,1,1,17773929,0198,11419,4553,2799,1207,1988,127,112,44,3,17577,828864,2440.39,0,1,1,1,1,1,0,1,1,1,1,1,H1181; H1518; H1714; H4198; H4402; H5215; H8769,69808,1,2974,11,289
HSI00000056,Kings Daughters Medical Center,Ashland,KY,1,0,18179104,,174,57,117,17,48,2,2,1,2,449,14543,0,0,0,0,0,0,0,0,0,,,,,,,1,0,0,2
HSI00000057,Aspirus,Wausau,WI,1,1,18259070,0519,437,182,148,99,106,9,9,2,2,422,21906,15.18,0,0,0,0,1,0,0,1,1,0,0,1,,,0,0,0,0
HSI00000059,Atlantic General Health System,Berlin,MD,1,0,18156810,,60,21,19,6,24,1,1,0,1,48,3200,0,0,0,0,0,0,0,0,0,,,,,,,1,43,0,0
HSI00000060,Atlantic Health System,Morristown,NJ,1,1,17773460,0865,1120,381,199,84,229,5,5,1,1,1432,84262,281.77,0,0,1,0,1,0,0,0,0,0,0,0,,,1,608,48,27
HSI00000063,Augusta Health,Fishersville,VA,1,0,18296765,,191,57,52,31,44,1,1,1,1,166,10153,0,0,0,0,0,0,0,0,0,0,0,0,0,,,1,137,0,0
HSI00000064,Augusta University Medical Center,Augusta,GA,1,0,17774099,,950,292,103,46,49,3,2,0,1,511,21615,498.45,0,0,1,1,2,1,0,0,0,0,0,0,,,0,0,0,0
HSI00000065,Aultman Health Foundation,Canton,OH,1,1,17774075,0859,238,99,57,19,36,5,3,0,1,510,25701,81.32,0,0,0,0,1,0,0,1,1,1,0,1,H3664,20033,1,203,0,7
HSI00000067,Avanti Hospitals,El Segundo,CA,1,1,18400874,0869,81,11,10,6,5,4,4,2,1,403,16573,0,1,0,0,0,0,1,0,0,0,0,0,0,,,0,0,0,0
HSI00000068,Avera Health,Sioux Falls,SD,1,1,17774077,5255,820,344,348,163,216,38,35,23,3,1299,44508,45.59,0,0,0,0,1,0,0,0,1,1,0,1,,,1,661,0,0
HSI00000070,BJC Healthcare,Saint Louis,MO,1,1,17773625,0051,2951,768,567,77,238,22,18,6,2,3554,147969,931.34,0,1,1,1,2,0,0,1,1,0,1,1,,,1,445,0,0
HSI00000071,Bingham Memorial Hospital,Blackfoot,ID,1,0,18387409,,67,17,16,9,23,2,1,1,1,25,2000,0,0,0,0,0,0,0,0,0,0,,,,,,0,0,0,0
HSI00000073,Banner Health,Phoenix,AZ,1,1,17847448,0194,3620,1208,675,351,324,29,27,1,3,4790,227964,765.49,0,0,1,1,1,1,1,1,1,1,1,0,H4931,12075,1,339,72,46
HSI00000074,Baptist Health,Little Rock,AR,1,1,17773298,0355,298,108,135,24,121,10,8,1,1,1197,45371,8.19,0,0,0,0,1,1,0,0,1,1,1,1,H4213; H6342; H9699,17585,1,259,0,56
HSI00000075,Baptist Health,Jacksonville,FL,1,1,17829259,0005,510,242,131,58,137,4,4,0,1,1049,60422,53.16,0,0,0,0,1,0,1,0,0,0,0,0,,,1,275,0,0
HSI00000076,Baptist Health Care,Pensacola,FL,1,1,17773297,0185,263,82,98,42,84,4,3,0,1,352,20532,0,0,0,0,0,0,0,0,1,1,0,1,0,,,1,0,13,0
HSI00000077,Baptist Health South Florida,Coral Gables,FL,1,1,17773783,0122,969,246,315,101,131,7,7,0,1,2119,91879,49.43,0,0,0,0,1,1,1,1,0,0,0,0,,,1,29,0,0
HSI00000080,Baptist Healthcare System,Louisville,KY,1,1,17773623,0315,1114,354,429,132,274,10,10,2,2,2191,104315,22.33,0,0,0,0,1,1,0,0,1,1,0,0,,,1,735,0,0
HSI00000081,Baptist Memorial Health Care Corporation,Memphis,TN,1,1,17773784,1625,1439,368,390,80,280,24,18,4,3,2577,109229,85.97,0,0,0,0,1,1,0,1,0,0,0,0,,,1,266,31,28
HSI00000086,Barton Healthcare System,South Lake Tahoe,CA,1,0,18190170,,111,31,17,12,18,2,2,1,2,86,3331,0,0,0,0,0,0,0,1,1,0,0,0,0,,,1,63,0,0
HSI00000087,Bassett Healthcare Network,Cooperstown,NY,1,1,18956744,0528,448,160,131,102,75,5,5,2,1,301,11995,54.22,0,0,1,0,1,0,0,0,0,0,0,0,,,1,314,0,0
HSI00000089,Baton Rouge General Health System,Baton Rouge,LA,1,0,18185304,,184,77,66,2,27,1,1,1,1,253,14715,57.99,0,0,0,0,1,0,1,0,1,0,0,0,,,1,99,0,0
HSI00000090,Baxter Regional Medical Center,Mountain Home,AR,1,0,18389203,,56,13,40,2,20,1,1,0,1,147,8163,0,0,0,0,0,0,0,0,0,0,0,0,0,,,1,39,0,2
HSI00000094,Bayhealth,Dover,DE,1,0,17834336,,210,68,51,38,61,2,2,0,1,405,18857,0,0,0,0,0,0,0,0,0,0,0,0,0,,,1,78,0,0
HSI00000096,Baylor Scott and White Health,Dallas,TX,1,1,18387777,0918,3622,1342,756,400,579,31,23,2,1,3716,236248,566.82,0,1,1,0,1,0,0,1,1,1,1,1,H2032; H4564; H8142; H8237,33568,1,2138,0,0
HSI00000097,Baystate Health,Springfield,MA,1,1,17773461,1095,924,283,227,116,110,4,4,0,1,889,46955,310.92,0,0,1,0,2,0,0,1,1,1,1,1,H8578,8931,1,586,0,0
HSI00000098,Beacon Health System,South Bend,IN,1,1,18162616,0940,362,156,104,23,74,3,2,1,2,584,27994,27.8,0,0,0,0,1,1,0,0,0,0,0,0,,,1,246,2,0
HSI00000100,Beaufort Memorial Hospital,Beaufort,SC,1,0,18287519,,95,38,27,16,21,1,1,0,1,167,8050,0,0,0,0,0,0,0,0,0,0,0,0,0,,,0,0,0,0
HSI00000101,Beaumont Health Systems,Southfield,MI,1,1,17773685,0953,1953,697,317,253,235,8,8,7,1,3108,168269,882.19,0,0,1,0,2,0,0,0,0,0,0,0,,,1,375,0,42
HSI00000103,Beebe Healthcare,Lewes,DE,1,0,18402510,,116,39,43,16,38,1,1,0,1,193,10541,0,0,0,0,0,0,0,0,0,0,0,0,0,,,1,102,0,0
HSI00000105,Bellin Health Systems,Green Bay,WI,1,0,17829260,,241,100,163,44,79,3,2,0,1,171,8546,0,0,0,0,0,0,0,0,1,1,0,0,1,,,1,170,0,0
HSI00000106,Beloit Health System,Beloit,WI,1,0,18395709,,127,38,24,16,16,1,1,1,1,103,4045,0,0,0,0,0,0,0,0,0,,,,,,,0,0,0,0
HSI00000107,Benefis Healthcare System,Great Falls,MT,1,1,18288440,0538,148,39,54,26,11,3,3,2,1,362,10084,0,0,0,0,0,0,0,0,0,1,1,0,0,,,0,0,0,0
HSI00000109,Berkshire Health Systems,Pittsfield,MA,1,1,17779641,2435,376,143,96,58,51,2,2,14,1,246,13495,63.55,0,0,1,0,2,0,0,0,0,0,0,0,,,1,249,0,0
HSI00000110,Beth Israel Deaconess Medical Center,Boston,MA,1,0,18040796,,3288,889,355,75,136,4,4,0,1,952,57933,534.7,0,0,1,1,2,0,0,0,0,0,0,0,,,1,1296,0,0
HSI00000113,University Health System,San Antonio,TX,1,0,17773346,,737,283,108,72,39,1,1,0,1,590,28233,456,0,0,1,1,2,1,1,1,1,0,1,0,,,0,0,0,0
HSI00000114,Billings Clinic,Billings,MT,1,0,17830973,,436,172,96,102,21,11,11,3,2,406,17213,32.16,0,0,0,0,1,0,0,0,0,0,0,0,,,1,284,0,46
HSI00000117,Blessing Health System,Quincy,IL,1,0,17725373,,113,40,57,0,26,2,2,1,1,253,12130,16.22,0,0,0,0,1,0,0,0,0,0,0,0,,,0,0,0,0
HSI00000118,Blount Memorial Hospital,Maryville,TN,1,0,18722944,,135,49,56,29,14,1,1,1,1,183,10791,0,0,0,0,0,0,0,0,0,0,0,0,0,,,0,0,0,0
HSI00000125,Bon Secours Health System,Marriottsville,MD,1,1,17773930,5085,1232,501,380,152,352,11,11,3,3,1821,97173,76.75,0,0,1,0,1,1,0,0,1,0,0,0,,,1,667,20,3
HSI00000130,Boston Childrens Hospital,Boston,MA,1,0,17773467,,1638,521,418,65,60,1,1,0,1,415,14902,309.63,0,2,1,1,2,0,0,0,0,0,0,0,,,0,2,0,0
HSI00000131,Boston Medical Center,Boston,MA,1,0,17773462,,1479,562,399,88,90,1,1,0,1,433,25715,523.41,0,0,1,1,2,1,0,0,1,0,1,1,H9585,928,1,768,0,0
HSI00000132,Boulder Community Health,Boulder,CO,1,0,18352917,,202,72,39,36,42,1,1,0,1,139,8149,0,0,0,0,0,0,0,0,0,0,0,0,0,,,1,141,0,71
HSI00000135,Bozeman Deaconess Hospital,Bozeman,MT,1,0,18389200,,150,55,34,24,18,1,1,0,1,83,6928,0,0,0,0,0,0,0,0,0,0,0,0,0,,,1,0,0,33
HSI00000139,Bronson Healthcare,Kalamazoo,MI,1,1,17773787,0595,510,155,166,130,114,4,4,1,1,648,35308,107.88,0,0,1,0,1,1,0,1,0,0,0,0,,,1,345,0,52
HSI00000140,BronxCare Health System,Bronx,NY,1,0,17774080,,562,205,34,14,29,1,1,2,1,460,27005,324.08,0,0,1,1,2,1,0,0,1,1,1,,,,1,0,2,0
HSI00000143,Bryan Health,Lincoln,NE,1,1,17773463,0400,136,54,58,43,22,7,6,0,2,575,24996,17.94,0,0,0,0,1,0,0,0,0,0,0,0,,,1,2,0,14
HSI00000146,Butler Health System,Butler,PA,1,0,17999450,,145,64,48,47,51,1,1,1,1,267,11951,0,0,0,0,0,0,0,0,0,,,,,,,1,135,0,0
HSI00000147,CAMC Health System,Charleston,WV,1,0,17774081,,413,116,79,34,44,2,2,0,1,826,37919,141.03,0,0,0,0,1,0,0,0,0,0,0,0,,,0,0,0,0
HSI00000148,CGH Medical Center,Sterling,IL,1,0,18294505,,83,32,40,16,17,1,1,0,1,93,4079,0,0,0,0,0,0,0,0,0,0,0,0,0,,,0,0,0,0
HSI00000152,Christus Health,Irving,TX,1,1,17774085,0192,2383,619,465,161,278,32,26,2,3,4024,176574,164.9,0,1,1,0,1,1,1,1,1,1,1,1,H1189,1407,1,677,90,0
HSI00000154,Cabell Huntington Hospital,Huntington,WV,1,0,18391710,,503,198,100,36,59,2,2,2,1,662,31561,153.55,0,0,1,0,1,1,0,0,0,0,0,0,,,1,255,7,0
HSI00000155,Calvert Health System,Prince Frederick,MD,1,0,18344611,,71,25,21,9,16,1,1,0,1,71,5496,0,0,0,0,0,0,0,0,0,0,0,0,0,,,0,0,0,0
HSI00000156,Cambridge Health Alliance,Cambridge,MA,1,0,17778721,,494,226,78,99,31,1,1,2,1,200,7624,92.67,0,0,1,0,2,1,0,0,1,0,1,0,H2221,426,1,314,0,0
HSI00000159,Campbell County Health,Gillette,WY,1,0,18166198,,65,22,13,9,6,1,1,1,1,66,2253,0,0,0,0,0,0,0,0,0,0,0,0,0,,,0,0,0,0
HSI00000161,Cape Cod Healthcare,Hyannis,MA,1,1,17773299,0124,449,145,109,51,76,2,2,1,1,334,21642,3.93,0,0,0,0,1,0,0,0,0,0,0,0,,,1,25,0,0
HSI00000162,Cape Fear Valley Health System,Fayetteville,NC,1,1,17773626,0835,307,112,70,84,47,4,3,0,1,620,35136,33,0,0,0,0,1,1,0,1,0,0,0,0,,,1,166,0,0
HSI00000164,Capital Health System,Trenton,NJ,1,1,17845401,0297,469,133,93,52,35,2,2,0,1,297,17189,36.52,0,0,0,0,1,0,0,0,0,0,0,0,,,1,158,0,35
HSI00000165,Capital Region Health Care,Concord,NH,1,0,17773627,,356,176,101,81,62,1,1,1,1,191,13141,26.75,0,0,0,0,1,0,0,0,1,0,0,0,,,1,193,0,0
HSI00000166,Care New England Health System,Providence,RI,1,1,17773628,0099,1450,409,162,67,66,3,2,0,1,570,23876,119.96,0,0,1,0,1,1,0,0,0,0,0,0,,,1,239,0,0
HSI00000169,Carepoint Health,Jersey City,NJ,1,1,18408021,0931,268,92,25,17,40,3,3,1,1,431,19002,105.75,1,0,1,0,1,1,1,1,0,0,0,0,,,0,0,0,0
HSI00000170,Carilion Clinic,Roanoke,VA,1,1,17773464,0070,1037,380,249,150,185,7,7,0,1,904,47865,235.66,0,0,1,0,2,0,0,1,0,0,0,0,,,1,657,0,0
HSI00000171,Caromont Health System,Gastonia,NC,1,0,18192623,,244,74,73,46,64,1,1,1,1,370,22650,0,0,0,0,0,0,0,0,0,1,0,1,0,H4235,218,1,166,0,0
HSI00000172,CarolinaEast Health System,New Bern,NC,1,0,18299970,,134,51,20,24,19,1,1,0,1,281,12502,0,0,0,0,0,0,0,0,0,0,0,0,0,,,0,0,0,0
HSI00000173,Atrium Health,Charlotte,NC,1,1,17773788,0705,3686,1509,970,632,738,23,22,10,3,4171,204058,374.31,0,0,1,0,1,1,0,1,1,1,1,1,H1533,99,1,2188,0,0
HSI00000178,Carson Tahoe Health,Carson City,NV,1,0,18211927,,121,43,38,21,27,3,1,0,1,175,10759,0,0,0,0,0,0,0,0,0,0,0,0,0,,,1,9,14,0
HSI00000182,Catawba Valley Medical Center,Hickory,NC,1,0,18163979,,81,38,30,24,22,1,1,0,1,200,11156,0,0,0,0,0,0,0,0,0,0,0,0,0,,,1,40,0,0
HSI00000183,Catholic Health Initiatives,Englewood,CO,1,1,17773932,0092,5965,2176,1974,847,1382,112,102,28,3,11026,520337,934.46,0,0,1,1,1,1,0,1,1,1,1,1,H3765; H6947; H7195; H9208; H9302,25990,1,3271,11,157
HSI00000186,Catholic Health Services of Long Island,Rockville Centre,NY,1,1,17991358,0233,784,201,189,304,85,7,7,4,1,1936,86463,95.82,0,0,0,0,1,0,0,0,0,0,0,0,,,1,316,9,0
HSI00000188,Catholic Medical Center,Manchester,NH,1,0,17773465,,156,66,68,37,28,1,1,0,1,231,10953,0,0,0,0,0,0,0,0,0,1,0,0,0,,,1,120,0,0
HSI00000189,Cayuga Medical Center,Ithaca,NY,1,1,18293435,0991,114,31,33,34,31,2,2,0,1,169,5897,0,0,0,0,0,0,1,0,0,0,0,0,0,,,1,107,0,0
HSI00000190,Cedars-Sinai Health System,West Hollywood,CA,1,1,17773789,0984,1841,468,166,79,128,3,3,1,1,1593,86112,353.96,0,0,1,0,1,0,0,0,1,0,0,0,,,1,650,7,0
HSI00000192,Centra Health,Lynchburg,VA,1,1,17846198,2265,367,134,142,60,51,5,4,5,1,555,28919,19.76,0,0,0,0,1,0,0,0,1,1,0,1,H1659; H8096,5281,1,321,14,0
HSI00000193,CentraCare Health System,Saint Cloud,MN,1,1,17773466,0184,529,223,168,89,72,7,7,7,1,634,34194,9.62,0,0,0,0,1,0,0,0,0,0,0,0,,,1,377,0,0
HSI00000194,Centrastate Healthcare System,Freehold,NJ,1,0,18200526,,148,62,24,10,23,1,1,2,1,241,12381,17.54,0,0,0,0,1,0,0,0,1,,,,,,1,24,0,13
HSI00000195,Central Florida Health Alliance,Leesburg,FL,1,1,18242931,0856,54,11,17,4,15,2,2,0,1,564,27469,0,0,0,0,0,0,0,0,0,0,0,0,0,,,0,0,0,0
HSI00000197,Central Maine Healthcare Corporation,Lewiston,ME,1,1,17990313,1007,285,128,102,40,46,3,3,1,1,278,11264,18.34,0,0,0,0,1,0,0,1,0,0,0,0,,,1,194,0,0
HSI00000203,Erlanger Health System,Chattanooga,TN,1,1,17773636,0525,464,161,160,41,58,4,4,1,2,724,41076,171.34,0,0,1,0,1,0,0,1,1,,,,,,1,266,0,21
HSI00000205,Chesapeake Regional Medical Center,Chesapeake,VA,1,0,18230771,,101,21,29,28,9,1,1,0,1,310,14963,0,0,0,0,0,0,0,0,0,0,0,0,0,,,0,0,0,0
HSI00000206,Cheyenne Regional,Cheyenne,WY,1,0,18379122,,156,46,28,13,17,2,1,1,1,170,8495,0,0,0,0,0,0,0,0,0,0,0,0,0,H4000,130,0,0,0,0
HSI00000207,Children's Minnesota,Minneapolis,MN,1,0,23066757,,196,64,176,8,23,2,2,0,1,381,15496,51.91,0,2,0,0,1,0,0,0,0,0,0,0,,,0,0,0,0
HSI00000208,Childrens Health,Dallas,TX,1,1,17773791,1039,463,193,236,81,38,3,3,0,1,489,14528,106.57,0,2,1,0,1,0,0,0,1,,1,,,,0,0,0,0
HSI00000209,Childrens Healthcare of Atlanta,Atlanta,GA,1,0,17773933,,673,224,114,47,79,2,2,0,1,593,25945,185.8,0,2,1,0,2,0,0,0,,,,,,,0,0,0,0
HSI00000210,Childrens Hospital Los Angeles,Los Angeles,CA,1,0,18295190,,681,237,146,23,25,1,1,0,1,374,17081,221.62,0,2,1,0,2,0,0,0,0,0,0,0,,,0,0,0,0
HSI00000211,Childrens Hospital Medical Center of Akron,Akron,OH,1,0,18289807,,303,171,167,13,73,1,1,0,1,401,10233,120.16,0,2,1,0,2,0,0,0,0,0,0,0,,,0,0,0,0
HSI00000212,Childrens Hospital and Health System,Wauwatosa,WI,1,1,18198805,0407,682,325,170,42,44,2,2,0,1,340,9793,189.95,0,2,1,1,2,0,0,0,,,,,,,0,0,0,0
HSI00000213,Childrens Hospital and Medical Center,Omaha,NE,1,0,18294781,,240,102,101,27,28,1,1,0,1,140,4768,40.07,0,2,1,0,2,0,0,0,0,0,0,0,,,0,0,0,0
HSI00000214,CHOC Childrens,Orange,CA,1,0,18235913,,697,512,47,2,27,2,2,0,1,388,14331,93.96,0,2,1,0,1,0,0,0,1,0,1,0,,,0,0,0,0
HSI00000215,Childrens Hospital of the Kings Daughters,Norfolk,VA,1,0,18248841,,420,250,89,37,51,1,1,0,1,198,5171,91.85,0,2,1,0,2,0,0,0,0,0,0,0,,,0,0,0,0
HSI00000216,Children National Hospital,Washington,DC,1,0,17990280,,928,378,173,55,32,1,1,0,1,323,15332,321.63,0,2,1,1,2,0,0,0,0,0,0,0,,,0,0,0,0
HSI00000217,Childrens of Alabama,Birmingham,AL,1,0,18283545,,382,185,59,0,25,1,1,0,1,339,15548,122.9,0,2,1,0,2,0,0,0,0,0,0,0,,,0,0,0,0
HSI00000218,Christiana Care Health System,Wilmington,DE,1,1,17774086,0131,774,266,253,130,130,1,1,0,1,1061,50919,243.57,0,0,0,0,1,0,0,0,1,,,,,,1,524,0,0
HSI00000224,Cincinnati Childrens Hospital Medical Center,Cincinnati,OH,1,0,18290105,,1052,338,418,22,20,1,1,0,1,602,18557,373.68,0,2,1,1,2,0,0,0,0,0,0,0,,,0,0,0,0
HSI00000225,Citizens Memorial Healthcare,Bolivar,MO,1,0,18294931,,72,30,25,15,40,1,1,6,1,52,2972,0,0,0,0,0,0,0,0,0,0,0,0,0,,,0,0,0,0
HSI00000226,Citrus Valley Health Partners,Covina,CA,1,1,17773304,0101,98,14,9,20,9,3,3,1,1,586,29569,5,0,0,0,0,1,1,0,0,1,0,0,0,,,1,0,4,0
HSI00000229,Olympic Medical Center,Port Angeles,WA,1,0,18378192,,96,34,25,24,19,1,1,0,1,78,4155,0,0,0,0,0,0,0,0,0,0,0,0,0,,,0,0,0,0
HSI00000231,Coastal Carolinas Health Alliance,Wilmington,NC,1,0,17855688,,256,103,71,39,30,3,3,1,1,360,18460,59.81,0,0,0,0,1,0,0,0,0,0,0,0,,,0,0,0,0
HSI00000235,Colquitt Regional Medical Center,Moultrie,GA,1,0,18289883,,52,25,16,6,12,1,1,0,1,94,4491,3.21,0,0,0,0,1,0,0,0,0,0,0,0,,,0,0,0,0
HSI00000236,Columbia Memorial Health,Hudson,NY,1,0,18381414,,87,37,23,27,25,1,1,0,1,94,4489,0,0,0,0,0,0,1,0,0,,,,,,,1,0,0,22
HSI00000240,Columbus Regional Health,Columbus,IN,1,0,18381333,,123,46,47,10,36,1,1,0,1,214,8865,0,0,0,0,0,0,0,0,0,1,0,0,0,,,1,87,0,0
HSI00000242,Comanche County Memorial Hospital,Lawton,OK,1,0,18198812,,111,40,32,7,16,1,1,1,1,189,8865,25.47,0,0,0,0,1,0,0,0,1,0,0,0,,,1,83,0,0
HSI00000244,Commonwealth Health Corporation,Bowling Green,KY,1,1,17817688,0520,163,73,37,4,29,6,5,55,1,421,17815,19.88,0,0,0,0,1,1,0,1,1,1,0,0,,,0,0,0,0
HSI00000246,Community Foundation of Northwest Indiana,Munster,IN,1,1,17847667,0249,359,106,122,13,112,3,3,1,1,755,33501,0,0,0,0,0,0,1,0,0,0,0,0,0,,,1,207,0,0
HSI00000248,Community Health Network,Indianapolis,IN,1,1,17773632,0401,914,336,365,108,245,8,5,3,1,1004,55465,52.6,0,0,0,0,1,1,0,1,0,0,0,0,,,1,568,0,0
HSI00000249,Community Health Systems,Franklin,TN,1,1,17773305,0080,4817,1836,1341,422,1264,118,114,19,3,15023,599111,313.85,1,0,1,0,1,1,0,1,1,1,1,1,,,1,1581,2,0
HSI00000251,Community Hospital Corporation,Plano,TX,1,1,18386637,0384,146,55,58,15,9,22,11,0,3,733,24246,0,0,0,0,0,0,1,1,1,1,0,1,0,,,0,0,0,0
HSI00000254,Community Medical Center,Missoula,MT,1,0,18294895,,74,35,30,9,20,1,1,0,1,141,4668,4.83,1,0,0,0,1,1,1,1,0,0,0,0,,,1,0,0,9
HSI00000255,Community Memorial Health System,Ventura,CA,1,1,18386550,0990,224,84,20,15,22,2,2,1,1,226,12504,54,0,0,1,0,1,0,0,0,0,0,0,0,,,1,80,0,0
HSI00000258,Community Memorial Hospital Association,Cloquet,MN,1,0,18290096,,54,23,14,7,1,2,2,1,2,152,9735,0,0,0,0,0,0,0,0,0,0,0,0,0,,,1,22,0,0
HSI00000260,Methodist Hospital,Henderson,KY,1,0,18158074,,68,33,28,5,20,2,2,0,1,143,4708,7.35,0,0,0,0,1,1,0,0,0,0,0,0,,,1,11,0,0
HSI00000263,Cone Health,Greensboro,NC,1,1,17773648,0950,559,215,145,103,98,2,2,2,1,939,54962,51.86,0,0,0,0,1,0,1,0,1,1,1,0,H9808,14664,1,315,0,0
HSI00000266,Confluence Health,Wenatchee,WA,1,0,18379550,,366,135,69,90,30,2,2,0,1,187,11655,0,0,0,0,0,0,0,0,0,0,0,0,0,,,0,0,0,0
HSI00000268,Connecticut Children's Health System,Hartford,CT,1,0,22240668,,321,96,91,29,9,1,1,0,1,187,6135,88.27,0,2,1,0,2,0,0,0,0,0,0,0,,,0,0,0,0
HSI00000270,Contra Costa Health Services,Martinez,CA,1,0,18388027,,378,268,53,1,16,1,1,0,1,124,6574,35.99,0,0,1,0,2,1,1,1,0,0,0,0,H0502,418,0,0,0,0
HSI00000271,Conway Medical Center,Conway,SC,1,0,18387494,,100,30,29,10,20,1,1,1,1,166,8891,0,0,0,0,0,0,0,0,0,0,0,0,0,,,0,0,0,0
HSI00000272,Conway Regional Health System,Conway,AR,1,0,18187898,,67,24,25,4,26,2,1,0,1,139,7443,0,0,0,0,0,0,0,0,0,1,0,0,0,,,1,57,0,0
HSI00000273,Cook Childrens Health Care System,Fort Worth,TX,1,0,18192710,,445,208,108,42,75,2,2,0,1,375,11267,11.55,0,2,0,0,1,0,0,1,1,0,1,1,,,0,0,0,0
HSI00000274,Cook County Health and Hospital System,Chicago,IL,1,1,17774089,0016,616,216,48,31,49,2,2,0,1,473,19664,504.95,0,0,1,1,2,1,1,1,0,0,0,0,,,0,0,0,0
HSI00000275,Cookeville Regional Health System,Cookeville,TN,1,0,18405486,,105,36,52,13,20,1,1,0,1,223,13075,0,0,0,0,0,0,0,0,0,0,,,,,,0,0,0,0
HSI00000283,Cottage Health System,Santa Barbara,CA,1,1,17773307,0103,131,22,8,2,18,4,3,0,1,364,18445,56.68,0,0,0,0,1,0,0,0,0,0,0,0,,,0,0,0,0
HSI00000286,Covenant Health,Knoxville,TN,1,1,17773793,0123,439,144,135,72,114,10,9,3,1,1245,71349,0,0,0,0,0,0,0,0,0,0,0,0,0,,,0,0,0,0
HSI00000287,Covenant Health Systems,Tewksbury,MA,1,1,17773634,5885,281,134,106,42,56,3,3,18,2,436,13430,0,0,0,0,0,0,0,0,0,0,0,0,0,,,1,138,19,0
HSI00000288,Covenant HealthCare,Saginaw,MI,1,0,18184080,,275,139,51,16,67,1,1,1,1,455,26605,62.4,0,0,0,0,1,0,0,0,0,0,0,0,,,1,191,10,15
HSI00000289,Covenant Ministries of Benevolence,Chicago,IL,1,0,18158511,,245,112,27,17,27,1,1,15,1,226,10968,50.24,0,0,0,0,1,1,0,0,0,0,0,0,,,1,2,0,0
HSI00000290,Cox Health,Springfield,MO,1,1,17774090,0179,897,215,189,79,106,5,4,0,1,749,38845,24.22,0,0,0,0,1,0,0,1,1,0,0,0,,,1,345,0,0
HSI00000295,Curae Health,Clinton,TN,1,1,18391096,0960,54,20,20,0,6,5,5,0,2,519,11215,0,0,0,0,0,0,1,0,0,1,0,0,,,,0,0,0,0
HSI00000297,DCH Health System,Tuscaloosa,AL,1,1,17774091,1825,63,18,21,2,8,3,3,1,1,543,33057,47.73,0,0,0,0,1,0,0,0,0,0,0,0,,,0,0,0,0
HSI00000298,Parkland Health and Hospital System,Dallas,TX,1,0,17773820,,418,179,380,88,45,1,1,0,1,769,51542,601.69,0,0,1,1,2,1,1,1,1,0,1,0,,,0,0,0,0
HSI00000299,Dartmouth-Hitchcock,Lebanon,NH,1,0,18158633,,1584,474,484,202,97,8,8,0,2,636,28991,341.55,0,0,1,1,2,0,0,0,0,0,0,0,,,1,711,0,0
HSI00000301,Day Kimball Healthcare,Putnam,CT,1,0,18288438,,62,30,15,6,20,1,1,0,1,104,3470,0,0,0,0,0,0,0,1,0,0,0,0,0,,,0,0,0,0
HSI00000302,Dayton Childrens,Dayton,OH,1,0,18290283,,220,78,93,15,14,1,1,0,1,177,4723,60.13,0,2,1,0,2,0,0,0,0,0,0,0,,,0,0,0,0
HSI00000305,Deaconess Health System,Evansville,IN,1,1,18153031,0313,408,174,198,14,55,5,3,1,1,566,30515,20.7,0,0,0,0,1,1,0,1,1,1,0,0,,,1,76,0,0
HSI00000307,Denver Health,Denver,CO,1,0,17837665,,454,203,116,97,53,1,1,0,1,381,17824,207.37,0,0,1,0,2,1,0,0,1,1,1,1,H5608,4602,0,0,0,0
HSI00000314,Dignity Health,San Francisco,CA,1,1,17773302,5205,8553,2656,645,613,504,39,35,4,3,7288,373932,423.32,0,0,1,0,1,1,0,1,1,0,1,1,,,1,732,0,0
HSI00000318,Doctors Hospital at Renaissance,Edinburg,TX,1,0,18292548,,152,68,21,13,20,1,1,0,1,394,25803,47.72,1,0,0,0,1,1,0,0,0,0,0,0,,,0,0,0,0
HSI00000320,Doylestown Hospital,Doylestown,PA,1,0,18358111,,128,36,28,15,23,1,1,1,1,217,13602,0,0,0,0,0,0,0,0,0,0,0,0,0,,,1,75,0,0
HSI00000321,Driscoll Childrens Hospital,Corpus Christi,TX,1,0,18138737,,121,28,43,3,12,1,1,0,1,162,3606,47.5,0,2,1,0,2,0,0,0,1,0,1,0,,,0,0,0,0
HSI00000323,Duke University Health System,Durham,NC,1,1,17773795,0190,2158,566,428,329,293,4,4,0,1,1552,71502,692.18,0,0,1,1,2,0,0,0,1,1,0,0,,,1,1766,0,0
HSI00000325,East Alabama Medical Center,Opelika,AL,1,0,18353081,,86,26,36,4,22,2,2,3,1,383,16897,0,0,0,0,0,0,0,0,0,0,0,0,0,,,1,0,5,0
HSI00000326,East Jefferson General Hospital,Metairie,LA,1,0,18292324,,175,51,7,0,28,1,1,1,1,339,13265,32.12,0,0,0,0,1,0,0,0,0,0,0,0,,,0,0,0,0
HSI00000327,East Tennessee Childrens Hospital Association,Knoxville,TN,1,0,18291032,,139,91,71,8,36,1,1,0,1,,,,,2,,,,,,,0,,,,,,0,0,0,0
HSI00000330,Eastern Maine Healthcare Systems,Brewer,ME,1,1,17773471,0555,866,343,261,186,116,14,13,4,1,748,38022,25.22,0,0,0,0,1,0,0,1,1,0,0,0,,,1,654,0,0
HSI00000334,Edward Elmhurst Healthcare,Naperville,IL,1,1,18073201,0926,556,188,125,48,88,3,2,1,1,580,40291,0,0,0,0,0,0,0,0,0,0,0,0,0,,,1,368,11,0
HSI00000335,Eisenhower Medical Center,Rancho Mirage,CA,1,0,17829261,,379,155,41,39,46,1,1,0,1,370,20190,76.75,0,0,0,0,1,0,0,0,0,0,0,0,,,1,13,0,0
HSI00000336,El Camino Hospital,Mountain View,CA,1,0,18200151,,157,42,11,11,12,2,2,0,1,388,22741,0,0,0,0,0,0,0,0,0,,,,,,,0,0,0,0
HSI00000338,Elliot Health System,Manchester,NH,1,0,17773940,,243,98,78,41,53,1,1,0,1,199,11833,0,0,0,0,0,0,0,0,0,0,0,0,0,,,1,184,0,0
HSI00000339,Ellis Medicine,Schenectady,NY,1,0,18261961,,226,81,33,72,38,2,2,1,1,350,17294,34.13,0,0,0,0,1,0,0,0,0,0,0,0,,,1,115,0,20
HSI00000340,Emerson Hospital Health System,Concord,MA,1,0,18399560,,145,42,40,12,36,1,1,1,1,111,5576,0,0,0,0,0,0,0,0,0,0,0,0,0,,,1,90,0,0
HSI00000342,Emory Healthcare,Atlanta,GA,1,1,17773473,0256,3801,710,406,278,262,8,6,1,1,1926,96220,485.84,0,0,1,0,2,1,0,1,0,0,0,0,,,1,2,0,0
HSI00000345,Enloe Medical Center,Chico,CA,1,0,18200525,,129,21,31,22,17,1,1,0,1,298,17620,0,0,0,0,0,0,0,0,0,0,0,0,0,,,0,0,0,0
HSI00000346,Ephraim Mcdowell Health,Danville,KY,1,1,17997795,0959,62,17,46,5,24,3,3,1,1,220,7959,0,0,0,0,0,0,0,1,1,1,,,,,,1,5,0,0
HSI00000347,Episcopal Health Services,Bethpage,NY,1,0,17773308,,143,33,5,12,7,1,1,1,1,170,6923,147.05,0,0,1,1,2,1,0,0,1,1,1,1,,,0,0,0,0
HSI00000349,Eskenazi Health,Indianapolis,IN,1,0,18294507,,277,151,97,5,22,1,1,0,1,316,17081,171.9,0,0,1,0,2,1,1,1,0,0,0,0,,,1,18,0,0
HSI00000350,Essentia Health,Duluth,MN,1,1,17816669,0396,1745,414,369,171,96,18,18,7,3,913,40066,19.89,0,0,0,0,1,1,0,0,1,1,1,0,,,1,837,10,0
HSI00000352,Evangelical Community Hospital,Lewisburg,PA,1,0,18288840,,90,26,19,36,22,1,1,0,1,123,5579,0,0,0,0,0,0,0,0,0,0,0,0,0,,,1,80,0,0
HSI00000354,Excela Health,Greensburg,PA,1,1,18140764,2395,255,101,54,69,91,3,3,0,1,396,24711,17.27,0,0,0,0,1,0,0,0,,,,,,,1,213,0,0
HSI00000355,Exeter Health Resources,Exeter,NH,1,0,17855393,,142,62,53,28,49,1,1,0,1,97,5336,0,0,0,0,0,0,0,0,0,0,0,0,0,,,1,105,0,0
HSI00000356,Fairfield Medical Center,Lancaster,OH,1,0,18287567,,101,41,33,13,30,1,1,0,1,213,11269,23.55,0,0,0,0,1,0,1,0,0,0,0,0,,,0,0,0,0
HSI00000357,Fairview Health Services,Minneapolis,MN,1,1,18956745,1325,2147,843,454,239,221,13,12,4,2,1781,95695,385.24,0,1,1,0,1,1,0,0,1,0,0,1,,,1,340,0,0
HSI00000358,Faith Regional Health Services,Norfolk,NE,1,1,18148534,0814,86,27,35,23,33,3,3,1,1,151,4926,0,0,0,0,0,0,0,0,0,0,,,,,,0,0,0,0
HSI00000360,Boys Town National Research Hospital,Boys Town,NE,1,0,18157592,,72,33,17,1,13,1,1,0,1,61,138,0,0,2,0,0,0,0,0,0,0,,,,,,0,0,0,0
HSI00000362,Finger Lakes Health,Geneva,NY,1,1,17999476,0397,88,38,52,19,33,2,2,5,1,142,4083,0,0,0,0,0,0,0,0,0,0,0,0,0,,,0,0,0,0
HSI00000363,Firelands Regional Health System,Sandusky,OH,1,0,17846991,,90,30,23,3,31,1,1,1,1,183,8886,15.68,0,0,0,0,1,0,0,0,0,,,,,,1,0,0,10
HSI00000365,Firsthealth of The Carolinas,Pinehurst,NC,1,1,17846593,0243,186,48,44,55,47,3,3,0,1,421,24112,0,0,0,0,0,0,0,0,1,1,1,0,0,H6306; H8064,7352,0,0,0,0
HSI00000367,Fisher Titus Medical Center,Norwalk,OH,1,0,18154719,,54,23,28,10,18,1,1,1,1,78,3858,0,0,0,0,0,0,0,0,0,0,0,0,0,,,1,32,0,0
HSI00000368,Florida Health Sciences Center,Tampa,FL,1,0,17773667,,254,85,94,15,29,1,1,0,1,920,47752,297.58,0,0,1,0,2,0,0,0,0,0,0,0,,,0,0,0,0
HSI00000369,Floyd Medical Center,Rome,GA,1,1,18086807,1016,123,85,51,8,39,3,3,0,2,298,14552,21.99,0,0,0,0,1,1,1,1,0,0,0,0,,,1,56,0,0
HSI00000371,Forrest Health,Hattiesburg,MS,1,0,17773797,,132,54,47,7,18,5,5,1,1,567,29314,16.3,0,0,0,0,1,0,1,1,0,0,0,0,,,0,0,0,0
HSI00000375,Franciscan Health,Mishawaka,IN,1,1,17774115,5345,1275,439,250,92,220,13,13,0,2,1776,70880,153.82,0,0,1,0,1,0,0,1,0,0,0,0,H5124,210,1,659,0,0
HSI00000376,Franciscan Missionaries of Our Lady Health System,Baton Rouge,LA,1,1,17773637,1475,718,306,237,59,147,10,7,2,1,1376,56965,188.61,0,0,1,0,1,1,0,1,0,0,0,0,H6231,283,1,351,0,0
HSI00000380,Frederick Regional Health System,Frederick,MD,1,0,18294612,,159,65,51,27,28,1,1,0,1,272,16585,0,0,0,0,0,0,0,0,0,1,1,0,0,,,1,69,0,0
HSI00000381,Freeman Health System,Joplin,MO,1,1,17818069,0271,227,67,66,6,59,3,3,0,1,428,18094,22.39,0,0,0,0,1,0,0,1,0,0,0,0,,,1,44,0,0
HSI00000382,Freeport Health Network,Freeport,IL,1,0,17999478,,77,32,38,2,23,1,1,0,1,100,3797,0,0,0,0,0,0,0,0,0,0,0,0,0,,,0,0,0,0
HSI00000385,Frisbie Memorial Hospital,Rochester,NH,1,0,18154734,,80,37,24,11,18,1,1,0,1,64,3874,0,0,0,0,0,0,0,0,0,0,0,0,0,,,0,0,0,0
HSI00000386,Froedtert and The Medical College of Wisconsin,Milwaukee,WI,1,0,18197683,,1593,347,328,215,78,5,5,0,1,1010,50426,338.85,0,0,1,0,2,0,0,1,1,1,1,1,H1181; H5215,65761,1,0,108,0
HSI00000388,Geisinger Health System,Danville,PA,1,1,17816853,5570,4559,700,362,466,314,10,9,2,2,2041,107432,492.59,0,0,1,1,1,0,0,1,1,1,1,1,H2064; H3924; H3954; H7619; H9412,96160,1,1541,4,31
HSI00000390,Genesis Health System,Davenport,IA,1,1,17773638,0311,300,148,109,26,56,5,5,2,2,454,21370,18.33,0,0,0,0,1,0,0,0,0,0,0,0,,,1,193,0,0
HSI00000391,Genesis Healthcare System,Zanesville,OH,1,0,17773639,,191,69,93,15,57,1,1,18,1,285,11876,0,0,0,0,0,0,0,0,0,1,,,,,,1,133,0,20
HSI00000401,Glens Falls Hospital,Glens Falls,NY,1,0,18156853,,130,44,28,53,29,1,1,0,1,507,11567,0,0,0,0,0,0,0,1,1,0,0,0,0,,,1,82,0,20
HSI00000404,Good Samaritan Hospital,Los Angeles,CA,1,0,17773941,,240,83,13,18,14,2,1,0,1,310,11766,10.58,0,0,0,0,1,1,0,0,1,,,,,,1,1,0,0
HSI00000405,Good Samaritan Hospital,Vincennes,IN,1,0,18381345,,106,35,41,8,18,1,1,1,1,123,5393,0,0,0,0,0,0,0,0,0,0,0,0,0,,,1,14,0,0
HSI00000412,Grady Health System,Atlanta,GA,1,0,18956746,,287,91,82,39,13,1,1,1,1,646,32252,425.39,0,0,1,1,2,1,1,1,0,0,0,0,,,0,0,0,0
HSI00000415,Grand View Hospital,Sellersville,PA,1,0,18177562,,113,36,16,19,25,1,1,0,1,162,7847,0,0,0,0,0,0,0,0,0,0,0,0,0,,,1,0,0,11
HSI00000421,Great River Health Systems,West Burlington,IA,1,0,17845152,,139,40,38,21,33,1,1,1,1,138,7981,0,0,0,0,0,0,0,1,1,1,,,1,,,1,78,0,0
HSI00000422,Greater Baltimore Medical Center,Baltimore,MD,1,0,18291703,,340,150,87,52,38,1,1,1,1,269,21251,57.59,0,0,0,0,1,0,0,0,0,0,0,0,,,1,181,0,0
HSI00000423,Greater Hudson Valley Health System,Middletown,NY,1,1,18402576,0144,237,55,54,29,25,3,3,1,1,428,23967,50.33,0,0,0,0,1,0,1,1,0,0,0,0,,,0,0,0,0
HSI00000424,Greenville Health System,Greenville,SC,1,1,17773798,1555,6306,559,324,136,185,7,5,2,1,975,48020,201.81,0,0,1,0,1,0,1,1,0,0,0,0,H4053,53,1,951,41,0
HSI00000428,Gundersen Health System,La Crosse,WI,1,0,17774093,,427,183,181,102,81,6,6,4,2,377,15393,50.59,0,0,0,0,1,0,0,1,1,1,1,1,H5262; H9834,16776,0,0,0,0
HSI00000430,Guthrie Healthcare System,Sayre,PA,1,1,17844593,0675,442,151,139,60,43,4,4,1,2,375,20502,70.8,0,0,1,0,1,0,0,0,1,0,0,0,,,0,0,0,0
HSI00000431,Gwinnett Health System,Lawrenceville,GA,1,0,18085147,,384,131,91,62,86,1,1,1,1,462,29197,41.93,0,0,0,0,1,0,1,0,0,0,0,0,,,0,0,0,0
HSI00000439,Hackensack Meridian Health,Edison,NJ,1,1,17774094,1003,1773,533,395,144,287,11,9,10,1,3020,149229,468.37,0,0,1,0,1,1,0,1,1,1,0,1,,,1,627,25,107
HSI00000441,Halifax Health,Daytona Beach,FL,1,0,17773942,,237,102,66,18,25,1,1,0,1,435,20541,24.73,0,0,0,0,1,0,1,1,0,0,0,0,,,0,0,0,0
HSI00000443,Hallmark Health System,Melrose,MA,1,0,17773311,,393,131,53,21,36,1,1,0,1,211,8636,1.5,0,0,0,0,1,0,0,0,0,0,0,0,,,1,71,16,0
HSI00000444,Hamilton Health Care System,Dalton,GA,1,0,17996680,,81,24,60,10,23,1,1,0,1,254,9439,0,0,0,0,0,0,0,1,0,1,,,,,,0,0,0,0
HSI00000449,Harnett Health Systems,Dunn,NC,1,0,22171690,,64,20,4,17,10,1,1,0,1,151,6161,16.01,0,0,0,0,1,0,1,1,0,0,0,0,,,1,5,0,0
HSI00000451,Harris Health System,Houston,TX,1,0,18956747,,574,243,120,69,41,1,1,1,1,629,29613,608.81,0,0,1,1,2,1,1,1,1,0,1,1,,,0,0,0,0
HSI00000452,Hartford Healthcare Corporation,Hartford,CT,1,1,17773792,0541,1132,271,350,337,193,8,7,3,1,1443,74496,280.48,0,0,1,0,1,0,0,1,1,1,0,0,,,1,617,0,0
HSI00000454,Hawaii Health Systems Corporation,Honolulu,HI,1,1,17815868,3555,172,56,19,9,14,11,8,7,1,307,11864,9.69,0,0,0,0,1,0,0,1,0,0,0,0,,,1,0,0,2
HSI00000455,Hawaii Pacific Health,Honolulu,HI,1,1,17829267,0266,557,210,52,20,47,4,4,0,1,592,26299,68.85,0,1,0,0,1,0,0,0,0,0,0,0,,,1,0,0,50
HSI00000461,Health First,Rockledge,FL,1,1,17773944,0328,439,145,112,43,62,4,4,0,1,868,48666,0,0,0,0,0,0,0,1,1,1,1,0,1,H1099,38087,1,0,13,0
HSI00000462,Health Quest,Lagrangeville,NY,1,1,18154682,0307,440,123,106,59,63,4,4,1,2,649,34904,0,0,0,0,0,0,0,0,0,0,0,0,0,,,1,0,3,21
HSI00000464,HealthPartners,Minneapolis,MN,1,1,18961175,0342,1974,858,441,352,167,9,9,2,2,1047,62255,177.35,0,0,1,0,1,1,0,0,1,1,1,1,H2422; H2462; H3416; H4882,67381,1,1011,0,0
HSI00000466,Baptist Health,Montgomery,AL,1,1,17773622,0150,192,74,56,12,30,3,3,0,1,555,32119,42.7,0,0,0,0,1,0,0,0,0,0,0,0,,,1,0,8,0
HSI00000467,Huntsville Hospital Health System,Huntsville,AL,1,1,18198421,0117,488,142,182,23,110,7,7,0,1,1341,71086,59.74,0,0,0,0,1,0,0,0,1,0,0,0,,,1,198,14,0
HSI00000471,Hendrick Health System,Abilene,TX,1,0,17773640,,113,32,49,21,28,1,1,1,1,335,16025,0,0,0,0,0,0,0,1,0,0,0,0,0,,,0,0,0,0
HSI00000472,Hendricks Regional Health,Danville,IN,1,0,18388046,,106,50,41,13,24,1,1,0,1,127,5679,0,0,0,0,0,0,0,0,0,0,0,0,0,,,1,106,0,0
HSI00000473,Hennepin Health Care System,Minneapolis,MN,1,0,17773314,,729,233,166,68,37,1,1,0,1,341,18029,283.57,0,0,1,1,2,1,0,0,0,0,0,0,,,0,0,0,0
HSI00000474,Henry County Hospital,New Castle,IN,1,0,18291601,,62,19,21,9,13,1,1,0,1,48,2356,0,0,0,0,0,0,0,0,0,0,,,,,,1,37,0,0
HSI00000475,Henry Ford Health System,Detroit,MI,1,1,18956748,9505,2941,763,512,279,234,7,5,0,1,1788,96154,852.44,0,0,1,1,2,1,0,0,1,1,1,0,H2318; H2322; H2354; H9712,67133,1,1291,45,59
HSI00000476,Heritage Valley Health System,Beaver,PA,1,1,17844118,0309,236,114,35,47,78,2,2,0,1,343,15962,24,0,0,0,0,1,0,0,0,,,,,,,1,159,0,0
HSI00000478,Heywood Healthcare,Gardner,MA,1,1,18409140,1024,78,18,26,17,18,2,2,0,1,139,4311,0,0,0,0,0,0,0,0,0,,,,,,,1,50,0,0
HSI00000484,Hoag Memorial Hospital Presbyterian,Newport Beach,CA,1,0,17773315,,433,169,60,43,53,2,1,0,1,527,29830,0,0,0,0,0,0,0,0,0,0,0,0,0,,,1,67,89,0
HSI00000487,Holy Family Memorial,Manitowoc,WI,1,1,17773479,1455,208,21,20,9,19,3,3,0,2,83,3008,0,0,0,0,0,0,0,0,0,1,1,1,0,,,1,50,0,0
HSI00000488,Holy Redeemer Health System,Huntingdon Valley,PA,1,0,18311803,,165,39,27,11,27,1,1,3,1,195,12292,0.96,0,0,0,0,1,0,0,0,0,,,,,,1,89,0,0
HSI00000490,Holzer Health System,Gallipolis,OH,1,1,17773936,1014,141,65,70,11,15,2,2,1,1,181,4919,0,0,0,0,0,0,1,1,1,0,0,0,0,,,1,0,0,21
HSI00000491,HonorHealth,Scottsdale,AZ,1,1,17773968,0963,482,228,138,62,106,5,5,0,1,1437,58660,46.85,0,0,0,0,1,0,0,1,,,,,,,1,310,23,0
HSI00000492,HCA Healthcare,Nashville,TN,1,1,17773631,0048,14064,4056,3069,1455,1600,183,167,5,3,36873,1843448,2540.93,1,1,1,0,1,1,1,1,1,1,1,1,,,1,202,55,200
HSI00000496,Hospital Sisters Health System,Springfield,IL,1,1,17773316,5355,717,194,260,69,124,17,17,2,2,1618,73767,87.83,0,0,0,0,1,1,0,1,1,0,0,0,,,1,282,0,0
HSI00000497,Houston Healthcare,Warner Robins,GA,1,1,18162320,0642,82,34,9,7,17,2,2,0,1,276,14168,17.51,0,0,0,0,1,0,1,1,0,0,0,0,,,1,6,0,0
HSI00000498,Howard University Hospital,Washington,DC,1,0,18293422,,340,84,18,13,8,1,1,0,1,192,8184,190.95,0,0,1,1,2,1,0,0,0,0,0,0,,,0,0,0,0
HSI00000502,Hunterdon Healthcare System,Flemington,NJ,1,0,18288502,,322,141,61,32,96,1,1,0,1,170,8357,18.14,0,0,0,0,1,0,0,0,1,1,0,1,,,1,0,0,63
HSI00000503,Huntington Memorial Hospital,Pasadena,CA,1,0,18293468,,199,59,11,9,9,1,1,0,1,503,28490,40.6,0,0,0,0,1,0,0,0,,,,,,,1,48,0,0
HSI00000505,Hurley Medical Center,Flint,MI,1,0,18291694,,206,81,28,56,19,1,1,0,1,370,17888,115.47,0,0,1,0,2,1,0,0,0,0,0,0,,,1,16,0,2
HSI00000507,Integris Health,Oklahoma City,OK,1,1,17774097,0305,1233,202,130,72,125,10,9,1,1,1119,48782,74.78,0,0,0,0,1,0,0,1,0,0,0,0,,,1,318,0,82
HSI00000509,Indian River Memorial Hospital,Vero Beach,FL,1,0,18389757,,95,35,34,8,15,1,1,0,1,310,12544,0,0,0,0,0,0,0,0,0,0,,,,,,0,0,0,0
HSI00000510,Indiana University Health,Indianapolis,IN,1,1,17774087,0231,2885,934,751,146,368,14,13,0,1,2394,111130,745.04,0,0,1,0,2,1,0,1,1,1,0,0,H7220,14113,1,1743,0,0
HSI00000511,Infirmary Health System,Mobile,AL,1,1,17773947,2025,254,93,47,3,38,5,4,1,1,851,38330,4.52,0,0,0,0,1,0,0,1,,,,,,,0,0,0,0
HSI00000513,Inova Health System,Falls Church,VA,1,1,17773948,1305,1388,445,302,111,170,5,5,1,1,1631,88056,175.57,0,0,0,0,1,0,0,0,1,1,0,0,H1100; H2829,2405,1,575,0,0
HSI00000514,Inspira Health Network,Mullica Hill,NJ,1,1,17846930,0151,288,70,57,11,49,3,3,0,1,596,28430,167,0,0,1,0,2,0,0,0,0,0,0,0,H6887,250,1,75,0,21
HSI00000515,Interfaith Medical Center,Brooklyn,NY,1,0,18162332,,153,57,9,6,5,1,1,0,1,153,7514,131.25,0,0,1,1,2,1,0,0,1,1,1,1,,,0,0,0,0
HSI00000516,Intermountain Healthcare,Salt Lake City,UT,1,1,17774098,1815,2189,814,503,256,327,23,22,0,2,2407,125586,248.13,0,1,1,0,1,1,0,1,1,1,1,1,H1994,41311,1,1557,0,0
HSI00000518,Iredell Health System,Statesville,NC,1,0,18401031,,63,22,14,19,25,1,1,1,1,155,7896,0,0,0,0,0,0,0,0,0,0,0,0,0,,,1,21,0,0
HSI00000523,Jackson Health System,Miami,FL,1,0,17773656,,1470,319,194,17,21,2,1,2,1,1485,56824,690.55,0,0,1,0,2,1,1,1,0,0,0,0,,,0,0,0,0
HSI00000530,John Muir Health,Walnut Creek,CA,1,1,17837004,0324,1150,492,46,24,77,3,2,0,1,751,31593,4.03,0,0,0,0,1,0,0,1,0,0,0,0,,,1,3,0,0
HSI00000531,Johns Hopkins Health System,Baltimore,MD,1,1,17773320,1015,2985,776,616,300,248,6,6,1,3,2363,112177,1171.05,0,1,1,1,2,0,0,0,1,1,1,0,H2109,141,1,2179,0,0
HSI00000536,Kaiser Permanente,Oakland,CA,1,1,17773641,2105,24955,11090,1646,1438,723,41,38,2,3,8982,444141,904.49,0,0,1,0,1,0,1,1,1,1,1,1,H0524; H0630; H1170; H1230; H2150; H2172; H5050; H6050; H9003,1624496,0,0,0,0
HSI00000537,Kaleida Health,Buffalo,NY,1,0,17773800,,569,149,176,102,86,4,4,4,2,1239,59047,400.33,0,0,1,0,2,1,0,1,0,0,0,0,,,1,0,0,14
HSI00000538,Kalispell Regional Healthcare,Kalispell,MT,1,0,18204496,,263,82,63,54,46,3,3,1,1,220,11166,3.87,0,0,0,0,1,0,0,0,0,0,0,0,,,1,55,0,35
HSI00000539,Katherine Shaw Bethea Hospital,Dixon,IL,1,0,18197553,,67,32,14,5,11,1,1,0,1,66,2707,3.63,0,0,0,0,1,0,0,0,0,0,0,0,,,0,0,0,0
HSI00000540,Kaweah Delta Health Care District,Visalia,CA,1,0,18361428,,224,55,47,27,25,1,1,1,1,403,22900,60,0,0,0,0,1,1,0,0,,,,,,,0,0,0,0
HSI00000546,Kettering Health Network,Kettering,OH,1,1,17773950,0258,793,258,150,113,163,6,6,1,1,1132,59677,189.51,0,0,1,0,1,0,0,0,0,0,0,0,,,1,0,0,91
HSI00000550,Kingsbrook Jewish Medical Center,Brooklyn,NY,1,0,18162284,,92,39,5,10,2,1,1,1,1,161,7070,82.24,0,0,1,0,2,1,0,0,0,0,0,0,,,0,0,0,0
HSI00000553,Kootenai Health,Coeur D Alene,ID,1,0,18283457,,221,74,72,35,38,1,1,0,1,289,16588,18.12,0,0,0,0,1,0,0,0,0,0,0,0,,,1,180,0,0
HSI00000554,Kuakini Health System,Honolulu,HI,1,0,18388124,,60,23,1,0,3,1,1,1,1,170,3653,15.1,0,0,0,0,1,0,0,0,0,0,0,0,,,0,0,0,0
HSI00000555,LCMC Health System,New Orleans,LA,1,1,18294751,0932,600,208,103,16,67,7,6,1,1,942,36310,491.08,0,1,1,1,2,1,0,1,0,0,0,0,,,1,131,0,3
HSI00000558,LRG Healthcare,Laconia,NH,1,1,17844119,0320,124,44,40,8,38,2,2,0,1,111,4353,0,0,0,0,0,0,0,1,1,0,0,0,0,,,0,0,0,0
HSI00000559,LSU Healthcare Services Division,Baton Rouge,LA,1,0,17773321,,945,182,46,19,60,1,1,0,1,24,607,2.04,0,0,0,0,1,0,1,1,,,,,,,0,0,0,0
HSI00000562,Lafayette General Health,Lafayette,LA,1,1,17817490,0911,240,111,84,17,37,9,9,0,1,1041,38712,81.02,0,0,1,0,1,1,1,1,0,0,0,0,,,1,3,0,17
HSI00000563,Lahey Health System,Burlington,MA,1,1,17995873,0891,1263,344,315,125,150,3,3,2,1,846,51281,161.35,0,0,1,0,1,0,0,0,0,0,0,0,,,1,801,53,0
HSI00000564,Lake Charles Memorial Health System,Lake Charles,LA,1,0,18361663,,95,36,55,5,24,2,1,0,1,281,12324,23.31,0,0,0,0,1,1,0,0,0,0,0,0,,,0,0,0,0
HSI00000566,Lake Health,Painesville,OH,1,0,17837005,,146,72,53,22,49,1,1,0,1,312,15870,0,0,0,0,0,0,0,0,0,0,0,0,0,,,1,0,5,37
HSI00000567,Lake Region Healthcare,Fergus Falls,MN,1,0,18288228,,65,28,23,8,6,1,1,0,1,80,1984,0,0,0,0,0,0,0,0,0,,,,,,,1,53,0,0
HSI00000568,Lake Regional Health System,Osage Beach,MO,1,0,18283256,,76,32,31,6,29,1,1,1,1,100,4760,0,0,0,0,0,0,0,0,0,0,0,0,0,,,0,0,0,0
HSI00000569,Lakeland Regional Health System,Lakeland,FL,1,0,17773642,,195,58,60,27,15,1,1,0,1,731,36777,0,0,0,0,0,0,0,1,1,0,0,0,0,,,0,0,0,0
HSI00000570,Lakeland Regional Health System,Saint Joseph,MI,1,1,17773482,0056,280,101,53,40,53,2,2,1,1,290,15135,59.64,0,0,0,0,1,0,0,1,0,0,0,0,H0390,188,1,131,0,21
HSI00000575,Lee Health,Fort Myers,FL,1,1,17773483,0369,468,190,171,94,87,3,3,1,1,1313,78947,19.15,0,0,0,0,1,0,1,1,0,0,0,0,,,1,287,0,0
HSI00000576,Legacy Health,Portland,OR,1,1,17773484,2755,989,407,143,95,121,7,7,3,2,972,67466,100.46,0,0,1,0,1,1,1,1,1,1,1,1,,,1,3,0,97
HSI00000577,Lehigh Valley Health Network,Allentown,PA,1,1,17847553,0370,1718,503,309,345,324,7,7,1,1,1826,71819,255.05,0,0,1,0,1,1,0,0,1,1,0,1,,,1,741,14,0
HSI00000579,Lexington Medical Center,West Columbia,SC,1,0,18156243,,374,141,88,28,91,1,1,1,1,428,23117,0,0,0,0,0,0,0,0,0,0,0,0,0,,,0,0,0,0
HSI00000581,Licking Memorial Health Systems,Newark,OH,1,0,18140501,,158,66,28,11,44,1,1,0,1,219,8546,0,0,0,0,0,0,0,1,0,0,0,0,0,,,1,7,0,0
HSI00000582,LifeBridge Health,Baltimore,MD,1,1,17773953,0158,733,200,113,209,103,5,3,1,1,795,41185,133.63,0,0,1,0,1,0,0,0,1,1,0,0,,,1,400,0,0
HSI00000584,Lifepoint Health,Brentwood,TN,1,1,17773643,0180,2993,1089,808,384,646,86,83,13,3,9060,302400,226.27,1,0,0,0,1,1,0,1,1,0,1,0,,,1,30,3,21
HSI00000585,Lifespan,Providence,RI,1,1,17773954,0060,1368,499,222,111,92,4,3,0,1,973,57515,518.48,0,0,1,1,2,0,0,0,0,0,0,0,,,1,676,0,71
HSI00000589,Little Company of Mary Hospital and Health Care Centers,Evergreen Park,IL,1,1,18295368,2295,127,30,14,3,20,2,2,0,2,331,13916,2.24,0,0,0,0,1,0,1,1,0,0,0,0,,,1,21,0,0
HSI00000591,Loma Linda University Adventist Health Sciences Center,Loma Linda,CA,1,1,17773485,2175,2649,259,103,27,59,4,3,0,1,900,45654,426,0,0,1,1,2,1,1,1,0,0,0,0,,,1,666,0,0
HSI00000593,Los Angeles County Health Services Department,Los Angeles,CA,1,1,17773802,5755,1983,729,425,119,114,4,3,0,1,1212,57963,1290.36,0,0,1,1,2,1,1,1,0,0,0,0,,,0,0,0,0
HSI00000598,Lowell General Hospital,Lowell,MA,1,0,17778035,,174,48,48,21,26,2,2,0,1,407,19895,0,0,0,0,0,0,0,0,0,0,0,0,0,,,1,68,0,0
HSI00000608,Main Line Health,Bryn Mawr,PA,1,1,18158185,0340,876,300,177,110,138,5,4,1,1,1060,57038,165.53,0,0,1,0,1,0,0,0,0,0,0,0,,,1,404,0,92
HSI00000610,MaineGeneral Health,Augusta,ME,1,0,18288823,,275,135,88,59,66,1,1,3,1,172,11413,35.93,0,0,0,0,1,0,0,0,0,0,0,0,,,1,220,0,0
HSI00000611,MaineHealth,Portland,ME,1,1,17773956,0614,1318,454,334,231,209,10,9,9,2,1044,50896,217.22,0,0,1,0,1,0,0,0,0,0,0,0,,,1,836,0,0
HSI00000612,Major Health Partners,Shelbyville,IN,1,0,18230772,,54,21,35,11,14,1,1,2,1,46,2947,0,0,0,0,0,0,0,0,0,0,0,0,0,,,1,34,0,0
HSI00000615,Maricopa Integrated Health System,Phoenix,AZ,1,0,17773645,,415,93,52,33,18,1,1,0,1,323,12478,197.5,0,0,1,1,2,1,1,1,0,0,0,0,,,1,62,0,0
HSI00000616,Marin Healthcare District,Greenbrae,CA,1,0,18389294,,143,43,19,7,13,1,1,0,1,218,8240,0,0,0,0,0,0,0,0,0,0,0,0,0,,,1,107,0,0
HSI00000619,Marshall Medical Center,Placerville,CA,1,0,18283446,,94,27,24,6,19,1,1,1,1,111,5152,0,0,0,0,0,0,0,0,0,0,0,0,0,,,1,68,0,0
HSI00000621,Marshfield Clinic,Marshfield,WI,1,1,17855696,1022,832,296,192,123,67,3,3,0,1,351,13592,68.26,0,0,0,0,1,0,0,0,1,0,0,0,H4388; H5211,50736,1,603,0,0
HSI00000622,Martin Health System,Stuart,FL,1,0,17830975,,207,78,75,25,41,1,1,0,1,434,26324,0,0,0,0,0,0,0,1,0,0,0,0,0,,,1,140,4,0
HSI00000623,Mary Lanning Healthcare,Hastings,NE,1,0,18179867,,53,15,23,12,18,1,1,1,1,86,3839,0,0,0,0,0,0,0,1,0,,,,,,,0,0,0,0
HSI00000624,Mary Washington Healthcare,Fredericksburg,VA,1,1,17815270,0523,236,81,46,27,41,3,2,0,1,511,26059,0,0,0,0,0,0,0,0,0,0,0,0,0,,,1,129,0,0
HSI00000630,Maury Regional Medical Center,Columbia,TN,1,1,18155044,0882,136,59,45,15,35,3,3,0,1,322,14602,0,0,0,0,0,0,0,0,0,0,0,0,0,,,1,93,0,0
HSI00000631,Mayo Clinic,Rochester,MN,1,1,18956750,1875,6783,1844,1165,625,185,28,27,5,3,2931,130393,870.72,0,0,1,0,2,0,0,1,1,0,1,0,,,0,0,0,0
HSI00000636,McLaren Health Care Corporation,Grand Blanc,MI,1,1,17773322,0252,1199,433,234,138,275,14,12,4,1,1911,99085,363.75,0,0,1,1,1,0,0,0,1,1,1,1,,,1,432,0,49
HSI00000637,McLeod Health,Florence,SC,1,1,17999447,0874,424,172,97,37,90,6,6,3,1,895,39639,24.76,0,0,0,0,1,1,1,1,0,0,0,0,,,1,318,6,0
HSI00000639,Meadville Medical Center,Meadville,PA,1,1,18283417,1001,109,35,18,26,23,2,2,1,1,198,7171,9.38,0,0,0,0,1,0,0,1,0,0,0,0,,,0,0,0,0
HSI00000640,MedStar Health,Columbia,MD,1,1,17773806,0154,9131,884,541,410,279,10,9,0,2,2413,120908,888.64,0,0,1,1,2,1,0,0,1,1,1,0,H9915,5385,1,1561,0,0
HSI00000642,Medisys Health Network,Jamaica,NY,1,1,17773318,0971,449,168,33,42,20,2,2,1,1,560,31421,280.01,0,0,1,0,2,1,0,0,1,1,1,1,,,0,0,0,0
HSI00000644,MUSC Health,Charleston,SC,1,0,17773804,,1358,397,159,45,130,1,1,0,1,682,35824,541.76,0,0,1,1,2,1,0,0,0,0,0,0,,,1,743,0,0
HSI00000648,Memorial Health System,Springfield,IL,1,1,17773957,0086,194,78,103,15,29,4,4,0,1,520,28026,167.65,0,0,1,0,2,0,0,0,1,0,0,0,,,0,0,0,0
HSI00000649,Memorial Health System,Marietta,OH,1,1,18290012,0998,177,59,67,33,57,2,2,0,1,213,12576,19.08,0,0,0,0,1,0,0,0,0,0,0,0,,,1,145,0,0
HSI00000652,Memorial Healthcare,Owosso,MI,1,0,18283318,,72,31,15,17,33,1,1,1,1,107,3210,0,0,0,0,0,0,0,1,0,0,0,0,0,,,1,41,0,2
HSI00000653,Memorial Healthcare System,Hollywood,FL,1,1,17773808,0083,645,143,188,64,79,5,5,2,1,1795,69906,18.3,0,0,0,0,1,1,1,1,1,0,1,0,,,1,238,23,0
HSI00000654,Memorial Hermann Healthcare System,Houston,TX,1,1,17773646,2645,2400,419,292,81,229,11,8,2,1,3346,182457,586.4,0,0,1,0,1,1,1,1,1,1,0,0,H2968; H7115,5791,1,283,0,0
HSI00000655,Memorial Hospital at Gulfport,Gulfport,MS,1,0,18381433,,172,56,155,9,53,1,1,0,1,421,17595,0,0,0,0,0,0,0,0,0,0,0,0,0,,,0,0,0,0
HSI00000658,MemorialCare Health System,Fountain Valley,CA,1,1,17773807,0084,1264,407,125,115,103,5,5,0,1,1196,59455,122.04,0,1,0,0,1,1,0,0,1,0,0,0,,,1,12,2,0
HSI00000660,Mercy Health,Chesterfield,MO,1,1,17774100,5185,4197,1124,917,262,822,36,32,1,3,4461,192569,106.39,0,0,0,0,1,0,0,1,1,0,1,0,,,1,2038,0,0
HSI00000661,Mercy Health,Cincinnati,OH,1,1,18155713,5155,2050,767,576,206,535,24,23,7,3,3420,189743,331.46,0,0,1,0,1,1,0,1,1,0,0,0,,,1,962,0,122
HSI00000663,Mercy,Baltimore,MD,1,0,18387606,,276,77,63,75,44,1,1,1,1,204,13333,50.31,0,0,0,0,1,1,0,0,1,1,0,0,,,0,0,0,0
HSI00000666,Mercy Medical Center,Cedar Rapids,IA,1,0,17773960,,185,62,87,30,41,2,2,1,1,219,9109,2.12,0,0,0,0,1,0,0,0,0,0,0,0,,,1,100,0,0
HSI00000667,Mercy Health,Janesville,WI,1,1,18956752,0649,784,245,106,33,70,4,4,2,2,513,21695,20.14,0,0,0,0,1,1,0,0,1,0,1,1,,,1,498,0,0
HSI00000671,Meritus Health,Hagerstown,MD,1,0,18298207,,148,48,50,29,27,1,1,0,1,257,17185,0,0,0,0,0,0,0,0,0,1,0,1,0,,,1,75,0,0
HSI00000672,Methodist Health System,Omaha,NE,1,1,17773812,9265,397,156,104,45,56,3,3,1,2,517,26229,13.26,0,0,0,0,1,0,0,0,0,0,0,0,,,1,304,0,0
HSI00000673,Methodist Health System,Dallas,TX,1,1,17829263,2735,410,185,104,50,66,5,5,0,1,1062,61746,79.02,0,0,0,0,1,1,1,1,0,0,0,0,,,1,164,0,0
HSI00000675,Methodist Le Bonheur Healthcare,Memphis,TN,1,1,17773961,9345,821,286,319,26,106,2,2,0,2,1402,65838,291.59,0,0,0,0,1,0,1,1,0,0,0,0,,,1,236,47,0
HSI00000678,Nicklaus Childrens Health System,Miami,FL,1,0,21472778,,385,178,103,21,23,1,1,0,1,289,10470,144.7,0,2,1,0,2,0,0,0,1,0,1,0,,,0,0,0,0
HSI00000681,Mid Columbia Medical Center,The Dalles,OR,1,0,18197556,,72,26,13,10,12,1,1,0,1,43,2109,0,0,0,0,0,0,0,0,0,0,0,0,0,,,0,0,0,0
HSI00000682,MidMichigan Health,Midland,MI,1,1,17773325,0001,338,153,94,86,103,6,6,0,1,648,26208,29.85,0,0,0,0,1,0,0,0,0,0,0,0,,,1,173,0,31
HSI00000683,Middlesex Health System,Middletown,CT,1,0,18175738,,217,110,53,24,33,1,1,0,1,209,11573,25.65,0,0,0,0,1,0,0,0,0,0,0,0,,,1,162,0,0
HSI00000684,Midland Health,Midland,TX,1,0,18293217,,69,25,26,14,17,1,1,0,1,218,11117,15.64,0,0,0,0,1,0,1,1,0,0,0,0,,,0,0,0,0
HSI00000686,Lecom Health,Erie,PA,1,0,18381439,,139,67,5,0,24,2,2,2,1,150,4488,61.38,0,0,1,0,2,1,0,1,,,,,,,1,56,0,0
HSI00000691,Mission Health System,Asheville,NC,1,1,17773489,0143,600,186,127,157,95,8,6,5,1,813,40116,55.46,0,0,0,0,1,0,0,1,1,1,0,0,H6846,165,1,544,0,0
HSI00000697,Mohawk Valley Health System,Utica,NY,1,0,17815271,,199,64,76,40,72,2,2,1,1,398,22531,32.57,0,0,0,0,1,0,0,0,1,0,1,0,,,0,0,0,0
HSI00000698,Mon Health,Morgantown,WV,1,1,17845024,0970,143,43,57,34,34,4,4,1,1,284,9933,0,0,0,0,0,0,0,0,0,0,0,0,0,,,1,31,0,0
HSI00000700,Montefiore Medical Center,Bronx,NY,1,1,18956751,0343,3129,989,339,324,234,9,7,2,1,2357,134487,1282.51,0,0,1,1,2,1,0,1,1,0,1,0,,,1,1521,66,0
HSI00000705,Mosaic Life Care,Saint Joseph,MO,1,0,17837666,,249,95,78,6,76,3,3,0,1,392,19139,0,0,0,0,0,0,0,1,0,1,0,0,0,,,0,0,0,0
HSI00000708,Mount Auburn Hospital,Cambridge,MA,1,0,18822724,,341,180,60,29,35,1,1,0,1,183,14185,79.09,0,0,1,0,2,0,0,0,0,0,0,0,,,1,204,0,0
HSI00000710,Mount Nittany Health System,State College,PA,1,0,18298653,,190,53,30,56,23,1,1,0,1,248,12832,16.53,0,0,0,0,1,0,1,1,0,0,0,0,,,0,0,0,0
HSI00000711,Mount Sinai Health System,New York,NY,1,1,17773490,0917,10400,1018,594,466,337,4,3,0,1,2226,115977,1641.68,0,0,1,1,2,1,0,0,1,1,1,1,,,1,1711,125,0
HSI00000712,Mount Sinai Medical Center of Florida,Miami Beach,FL,1,0,17774103,,307,60,59,15,24,1,1,0,1,480,23245,151.88,0,0,1,0,2,0,0,0,0,0,0,0,,,1,0,1,0
HSI00000714,Multicare Health System,Tacoma,WA,1,1,17778722,6555,1084,441,371,213,208,7,7,0,1,683,42511,38.73,0,0,0,0,1,1,0,1,0,0,0,0,,,1,547,0,0
HSI00000715,Munson Healthcare,Traverse City,MI,0,1,,1465,169,,,,,10,9,,1,639,32700,129,0,0,1,0,1,0,0,0,1,1,1,0,,,1,41,0,0
HSI00000716,NCH Healthcare System,Naples,FL,1,0,17773650,,272,120,72,27,62,1,1,0,1,542,22415,3.1,0,0,0,0,1,0,1,0,0,0,0,0,,,1,154,0,0
HSI00000717,NYU Langone Health,New York,NY,1,1,18135006,1026,3462,729,587,496,373,4,3,1,1,1477,93184,1277.75,0,0,1,1,2,1,0,0,1,1,1,1,,,1,17,86,0
HSI00000718,Nanticoke Health Services,Seaford,DE,1,0,17837667,,83,27,36,9,26,1,1,0,1,94,6582,0,0,0,0,0,0,0,1,0,0,0,0,0,,,1,33,0,0
HSI00000720,National Jewish Health,Denver,CO,1,0,18740486,,181,29,24,12,5,1,1,0,1,24,49,8.57,0,0,1,0,2,0,0,0,0,0,0,0,,,0,0,0,0
HSI00000722,Nationwide Childrens Hospital,Columbus,OH,1,0,18198441,,937,368,350,6,54,1,1,0,1,634,16955,251.73,0,2,1,0,2,0,0,0,0,0,0,0,,,0,0,0,0
HSI00000723,Natividad Medical Center,Salinas,CA,1,0,18295224,,101,58,22,14,6,1,1,0,1,148,8395,29.95,0,0,0,0,1,1,0,0,0,0,0,0,,,0,0,0,0
HSI00000724,Navicent Health,Macon,GA,1,1,17773303,0923,459,216,64,32,45,4,3,2,1,712,33955,101.78,0,0,0,0,1,0,0,1,0,0,0,0,,,1,141,0,0
HSI00000725,Nemours Childrens Health System,Jacksonville,FL,1,1,17777268,0892,958,382,270,74,71,2,2,0,2,294,12599,120.39,0,2,1,1,2,0,0,0,0,0,0,0,,,0,0,0,0
HSI00000729,New Liberty Hospital District of Clay County,Pleasant Valley,MO,1,0,18199379,,100,32,22,3,15,1,1,0,1,199,7113,0,0,0,0,0,0,0,0,0,0,0,0,0,,,1,0,0,16
HSI00000730,New York City Health and Hospitals Corporation,New York,NY,1,1,17774105,3075,3271,1140,509,441,70,12,11,4,1,3189,144012,2399.71,0,0,1,1,2,1,1,1,1,1,1,1,H0423; H9115,8026,1,926,0,0
HSI00000731,New York Presbyterian Healthcare System,New York,NY,1,1,17773814,0142,4424,1000,794,677,425,9,8,1,1,3597,192145,2014.12,0,0,1,1,2,1,0,0,0,0,0,0,,,1,1666,58,0
HSI00000737,Niagara Falls Memorial Medical Center,Niagara Falls,NY,1,0,18407987,,53,19,15,13,14,1,1,1,1,133,5064,11.92,0,0,0,0,1,1,0,0,,,,,,,1,0,0,8
HSI00000743,Norman Regional Health System,Norman,OK,1,0,18198813,,150,39,58,25,37,1,1,0,1,331,15830,20.9,0,0,0,0,1,0,0,0,0,0,0,0,,,1,11,0,8
HSI00000745,Broward Health,Fort Lauderdale,FL,1,1,17773652,3115,526,182,83,40,87,4,4,0,1,1201,57137,105.5,0,0,0,0,1,1,1,1,1,0,1,0,,,1,2,0,0
HSI00000748,North Kansas City Hospital,North Kansas City,MO,1,0,18289564,,142,41,21,1,22,1,1,0,1,363,13671,0,0,0,0,0,0,0,0,0,0,0,0,0,,,1,157,0,46
HSI00000749,North Memorial Health Care,Robbinsdale,MN,1,1,17773491,0887,316,130,57,99,41,2,2,0,1,475,29480,23.89,0,0,0,0,1,0,0,0,0,0,0,0,,,1,272,0,0
HSI00000750,North Mississippi Health Services,Tupelo,MS,1,1,17773815,0032,287,134,172,15,63,6,6,4,2,712,27958,25.21,0,0,0,0,1,1,1,1,1,0,0,0,,,1,218,0,0
HSI00000751,North Oaks Health System,Hammond,LA,1,1,17999452,0867,127,27,49,4,39,2,1,0,1,344,11423,0,0,0,0,0,0,1,1,0,0,0,0,0,,,1,0,0,11
HSI00000753,Great Plains Health,North Platte,NE,1,0,18402640,,57,12,5,15,9,1,1,0,1,97,4910,0,0,0,0,0,0,0,0,0,0,0,0,0,,,0,0,0,0
HSI00000755,Northbay Healthcare Group,Fairfield,CA,1,0,17829264,,167,47,27,10,30,2,2,0,1,182,8533,0,0,0,0,0,0,1,1,1,1,0,1,1,,,0,0,0,0
HSI00000756,NorthShore University Health System,Evanston,IL,1,0,17773309,,1163,442,226,133,162,2,2,0,1,733,37259,202.34,0,0,1,0,2,0,0,0,0,0,0,0,,,1,918,0,0
HSI00000759,Northeast Georgia Health System,Gainesville,GA,1,1,17847722,1018,502,180,170,113,87,3,3,2,1,596,36722,0,0,0,0,0,0,0,0,1,0,0,0,0,,,1,275,0,0
HSI00000761,Northern Arizona Healthcare,Flagstaff,AZ,1,1,17845402,0281,240,61,59,29,33,2,2,0,1,337,17317,11.92,0,0,0,0,1,1,1,1,0,0,0,0,,,1,194,0,0
HSI00000765,Northfield Hospital and Clinics,Northfield,MN,1,0,18295385,,51,25,7,6,8,1,1,0,1,37,1848,0,0,0,0,0,0,0,0,0,0,0,0,0,,,1,42,0,0
HSI00000766,Northside Hospital,Atlanta,GA,1,1,18162439,0410,700,215,188,110,204,3,3,0,1,860,59139,0,0,0,0,0,0,0,0,0,,,,,,,0,0,0,0
HSI00000767,Northwell Health,New Hyde Park,NY,1,1,17773329,0062,6025,1591,1073,873,640,21,20,7,2,6205,360281,2434.69,0,0,1,1,2,1,0,1,1,1,1,1,,,1,2597,20,0
HSI00000768,Northwest Community Healthcare,Arlington Heights,IL,1,0,17773492,,292,110,48,32,37,1,1,0,1,340,18258,0,0,0,0,0,0,0,0,0,0,0,0,0,,,1,162,0,0
HSI00000770,Northwestern Medicine,Chicago,IL,1,1,17773816,0024,2596,689,447,212,286,9,8,0,1,1907,103409,604.42,0,0,1,1,2,0,0,1,1,0,0,1,,,1,455,109,0
HSI00000771,Norton Healthcare,Louisville,KY,1,1,17774106,2285,880,347,400,54,184,8,8,0,2,1489,76924,175.19,0,1,0,0,1,1,0,0,0,0,0,0,,,0,0,0,0
HSI00000773,Novant Health,Winston Salem,NC,1,1,17773653,0139,2045,807,621,477,538,13,12,1,2,2225,115683,30.17,0,0,0,0,1,0,0,1,0,0,0,0,,,1,1264,0,0
HSI00000776,OSF Healthcare System,Peoria,IL,1,1,17774108,5335,1172,496,440,118,197,17,17,2,2,1805,82614,198.22,0,0,1,0,1,1,0,1,0,0,0,0,,,1,760,0,0
HSI00000780,Ochsner Health System,New Orleans,LA,1,1,17773459,0359,1754,537,426,216,142,15,13,0,2,1613,64287,382.14,0,0,1,1,1,1,0,0,0,0,0,0,,,1,1182,0,0
HSI00000784,Ohiohealth,Columbus,OH,1,1,17773817,0162,1624,560,629,224,324,13,13,2,1,2191,112879,355.21,0,0,1,1,1,1,1,1,0,0,0,0,,,1,791,0,144
HSI00000788,Olathe Health System,Olathe,KS,1,0,17990284,,171,79,60,29,42,2,2,0,1,261,11616,0,0,0,0,0,0,0,0,0,0,0,0,0,,,1,0,0,39
HSI00000789,Olmsted Medical Center,Rochester,MN,1,0,17861634,,115,56,53,27,19,1,1,0,1,61,2238,0,0,0,0,0,0,0,1,0,0,0,0,0,,,1,96,0,0
HSI00000792,Oneida Healthcare,Oneida,NY,1,0,18401053,,61,29,16,19,19,1,1,1,1,101,2456,0,0,0,0,0,0,0,0,0,0,0,0,0,,,1,31,0,0
HSI00000795,Oregon Health and Science University,Portland,OR,1,0,17774107,,2351,584,242,123,63,1,1,0,1,556,29230,476.55,0,0,1,1,2,1,0,0,0,0,0,0,,,1,0,74,66
HSI00000796,Orlando Health,Orlando,FL,1,1,17773654,3355,902,300,206,78,144,3,3,2,1,1797,106594,244.4,0,0,0,0,1,1,1,1,1,0,0,0,,,1,103,0,0
HSI00000798,Oswego Health,Oswego,NY,1,0,18165883,,64,34,33,17,25,1,1,1,1,132,3171,0,0,0,0,0,0,0,0,0,0,,,,,,0,0,0,0
HSI00000802,Owensboro Health,Owensboro,KY,1,1,18289417,0982,203,58,83,42,55,2,2,2,1,474,15751,0,0,0,0,0,0,0,0,1,0,0,0,0,,,1,137,0,0
HSI00000804,Ozarks Community Hospital Health System,Springfield,MO,1,0,18358300,,54,32,30,2,19,1,1,0,1,25,402,0,1,0,0,0,0,0,1,0,0,0,0,0,,,1,33,0,0
HSI00000805,PIH Health,Whittier,CA,0,1,,0958,294,,,,,2,2,,1,531,24375,37.62,0,0,0,0,1,1,0,0,1,0,0,0,,,0,0,0,0
HSI00000807,Palmetto Health,Columbia,SC,1,1,17773819,4155,901,372,228,56,128,5,5,4,1,1340,54756,203.2,0,0,1,0,1,1,0,0,0,0,0,0,H4203,268,1,534,0,0
HSI00000809,Palomar Health,Escondido,CA,1,1,18389929,7555,169,32,15,24,11,2,2,1,1,451,27304,6.32,0,0,0,0,1,0,0,0,0,0,0,0,,,0,0,0,0
HSI00000811,Parkview Health System,Fort Wayne,IN,1,1,17773962,0159,3003,238,298,93,172,7,6,1,1,696,39000,16.8,0,0,0,0,1,0,1,1,0,0,0,0,,,0,0,0,0
HSI00000812,Parrish Healthcare,Titusville,FL,1,0,18389930,,68,27,15,2,14,1,1,0,1,210,6856,0,0,0,0,0,0,0,0,0,,,,,,,1,37,0,0
HSI00000813,Partners Healthcare System,Boston,MA,1,1,17773821,1785,7802,1880,1089,571,466,14,9,4,2,2690,145646,1180.74,0,0,1,1,2,0,0,0,1,0,1,1,,,1,4483,0,0
HSI00000814,Peacehealth,Vancouver,WA,1,1,17774109,5415,2145,796,384,269,231,16,15,2,3,1939,120600,25.08,0,0,0,0,1,0,0,1,1,1,0,0,,,1,141,0,32
HSI00000818,Peninsula Regional Health System,Salisbury,MD,1,0,17998787,,168,60,53,45,17,1,1,0,1,289,17214,0,0,0,0,0,0,0,0,0,1,1,0,0,,,1,61,0,0
HSI00000819,Penn Highlands Healthcare,Du Bois,PA,1,0,18382246,,219,72,63,89,91,4,4,1,1,291,12508,4.75,0,0,0,0,1,1,0,0,0,0,0,0,,,0,0,0,0
HSI00000820,University of Pennsylvania Health System,Philadelphia,PA,1,1,17773347,0168,5044,989,893,339,376,9,8,3,2,2788,153934,1079.5,0,0,1,1,2,0,0,0,1,0,0,0,,,1,486,23,205
HSI00000821,Penn State Milton S Hershey Medical Center,Hershey,PA,1,1,17816854,0989,1385,402,243,146,89,2,2,0,1,728,36170,617.38,0,0,1,1,2,0,0,0,0,0,0,0,,,1,850,20,0
HSI00000823,Phoebe Putney Health Systems,Albany,GA,1,1,17774110,0314,242,92,93,20,66,6,6,1,1,561,21467,19.64,0,0,0,0,1,1,1,1,0,0,0,0,,,1,9,0,0
HSI00000824,Phoenix Childrens Hospital,Phoenix,AZ,1,0,18202982,,476,195,109,14,21,1,1,0,1,433,13017,126.9,0,2,1,0,2,0,0,0,0,0,0,0,,,0,0,0,0
HSI00000826,Piedmont Healthcare,Atlanta,GA,1,1,18080844,0310,1193,477,369,200,253,12,12,0,1,2155,141989,68.51,0,0,0,0,1,1,0,1,0,0,0,0,,,1,429,0,0
HSI00000833,Pomona Valley Hospital Medical Center,Pomona,CA,1,0,18381588,,115,46,7,24,12,1,1,0,1,388,22199,20.53,0,0,0,0,1,1,0,0,0,0,0,0,H0545,21945,1,36,0,0
HSI00000842,Premier Health,Dayton,OH,1,1,17774111,0977,1000,253,257,113,201,3,3,2,1,1096,42356,125.04,0,0,0,0,1,0,1,1,1,1,0,0,,,1,0,0,2
HSI00000843,Presbyterian Healthcare Services,Albuquerque,NM,1,1,17773822,3505,729,330,266,102,81,9,9,0,1,900,46273,3.08,0,0,0,0,1,1,0,0,1,1,1,1,H3204; H3206,45130,0,0,0,0
HSI00000845,Prime Healthcare Services,Ontario,CA,1,1,17844310,0357,1686,436,287,166,207,44,42,2,3,6201,258930,356.05,1,0,1,1,1,1,1,1,1,0,0,0,,,1,174,17,22
HSI00000847,Prohealth Care,Waukesha,WI,1,1,18140769,0153,365,164,100,25,56,3,2,0,1,298,15284,21.35,0,0,0,0,1,0,0,0,0,0,0,0,,,1,262,0,0
HSI00000848,ProMedica Health System,Toledo,OH,1,1,17773495,0197,843,275,328,151,246,12,12,10,2,1526,60178,164.86,0,0,1,0,1,0,0,1,1,1,1,1,H3653,15797,1,486,0,63
HSI00000851,Prospect Medical Holdings,Los Angeles,CA,1,1,18310933,1012,2432,1521,150,154,177,16,14,3,3,2505,91480,278.63,0,0,1,0,1,1,0,1,0,0,0,0,,,1,158,0,56
HSI00000852,Providence Saint Joseph Health,Renton,WA,1,1,17773964,1006,12638,4412,1589,955,1237,56,54,23,3,9696,472901,402.66,0,1,1,0,1,1,0,1,1,1,1,1,H3809; H5007; H9047,60068,1,3009,24,233
HSI00000863,RWJBarnabas Health,West Orange,NJ,1,1,17773496,0994,2037,604,474,200,243,14,13,3,1,3779,173843,857.94,0,1,1,0,1,1,1,1,0,0,0,0,,,1,602,21,89
HSI00000864,Rady Childrens Hospital,San Diego,CA,1,0,18288568,,636,249,135,16,59,1,1,1,1,401,20313,110.15,0,2,1,0,2,0,0,0,0,0,0,0,,,0,0,0,0
HSI00000866,Tower Health,West Reading,PA,1,1,17773512,1029,678,293,161,126,150,7,6,1,1,1200,59934,133.1,0,0,1,0,1,0,0,0,1,1,1,1,,,0,0,0,0
HSI00000868,Regional Health,Rapid City,SD,1,1,17848010,8495,298,120,122,61,35,13,11,3,3,548,19658,16.73,0,0,0,0,1,0,0,0,1,0,0,0,,,0,0,0,0
HSI00000870,Regional One Health,Memphis,TN,1,0,18327717,,123,25,67,8,15,2,1,0,1,288,11068,150.12,0,0,1,0,2,1,1,1,0,0,0,0,,,1,0,0,5
HSI00000871,Regional West Health Services,Scottsbluff,NE,1,0,18283282,,119,37,31,19,33,3,2,1,1,132,5216,0,0,0,0,0,0,0,0,0,,,,,,,0,0,0,0
HSI00000873,Reid Health,Richmond,IN,1,0,18377407,,190,64,56,9,30,1,1,0,1,163,11011,8.85,0,0,0,0,1,0,0,0,1,1,0,0,,,1,126,0,0
HSI00000874,Renown Health,Reno,NV,1,1,17773354,2625,501,186,123,41,71,3,2,1,1,713,38396,70.18,0,0,0,0,1,0,1,1,1,1,0,0,H2906; H2960,19004,1,341,0,0
HSI00000879,Richmond University Medical Center,Staten Island,NY,1,0,18353082,,198,55,7,26,4,1,1,0,1,260,12978,139.26,0,0,1,0,2,1,0,0,0,0,0,0,,,0,0,0,0
HSI00000880,Rideout Health Group,Yuba City,CA,1,0,17847723,,91,30,11,17,24,1,1,1,1,209,11240,0,0,0,0,0,0,1,0,0,,,,,,,0,0,0,0
HSI00000881,Ridgeview Medical Center,Waconia,MN,1,1,18288479,0964,105,44,29,34,35,3,3,0,1,138,6297,0,0,0,0,0,0,0,0,0,1,1,1,1,,,1,34,0,0
HSI00000882,Riverside Health Care System,Yonkers,NY,1,0,17774112,,116,38,19,10,6,2,2,1,1,326,16191,24.05,0,0,0,0,1,1,0,0,0,0,0,0,,,1,20,0,0
HSI00000883,Riverside Health System,Newport News,VA,1,1,17773659,4810,2996,174,158,54,121,6,5,10,1,623,28782,62.45,0,0,0,0,1,0,0,1,0,0,0,0,H3473; H8655,503,1,411,14,0
HSI00000885,Riverside University Health System,Moreno Valley,CA,1,0,18389447,,323,146,27,16,13,1,1,0,1,439,19161,117.22,0,0,1,0,2,1,0,0,1,0,0,0,,,1,48,0,0
HSI00000887,Riverview Health,Noblesville,IN,1,0,18287495,,89,40,15,9,32,1,1,1,1,105,3803,0,0,0,0,0,0,0,0,0,0,0,0,0,,,1,54,0,0
HSI00000889,Rochester Regional Health System,Rochester,NY,1,1,17773984,0046,1383,421,276,350,198,5,5,6,1,1092,57248,170.9,0,0,0,0,1,1,0,0,0,0,0,0,H3331,746,1,736,0,0
HSI00000896,Rush Health Systems,Meridian,MS,1,1,18175700,0220,153,75,72,2,45,7,6,0,2,307,6252,12.98,0,0,0,0,1,1,1,1,0,0,0,0,,,1,90,0,0
HSI00000897,Rush System for Health,Chicago,IL,1,1,17773824,3855,1590,439,215,90,108,4,4,1,1,1224,54954,593.73,0,0,1,1,2,0,0,0,0,0,0,0,,,1,791,23,0
HSI00000900,Rutland Regional Health Services,Rutland,VT,1,0,18287528,,109,14,17,20,13,1,1,0,1,124,6472,0,0,0,0,0,0,0,0,0,0,0,0,0,,,0,0,0,0
HSI00000902,SSM Health,Saint Louis,MO,1,1,17773664,5455,3312,1187,704,344,424,37,34,8,3,3961,189444,595.72,0,1,1,1,1,1,0,1,1,1,1,1,H5264; H9096,24355,1,312,0,36
HSI00000903,SUNY Downstate Medical Center,Brooklyn,NY,1,0,18358305,,907,195,28,36,52,1,1,0,1,305,11032,296.52,0,0,1,1,2,1,0,0,1,1,1,1,,,1,164,0,0
HSI00000904,SUNY Upstate Medical University,Syracuse,NY,1,0,18288552,,1153,216,199,80,77,2,2,0,1,641,30776,388.12,0,0,1,1,2,0,0,0,0,0,0,0,,,1,0,17,0
HSI00000910,SBH Health System,Bronx,NY,1,0,17773502,,351,121,26,13,29,1,1,0,1,283,12826,285.77,0,0,1,1,2,1,0,0,1,1,1,0,,,1,83,0,0
HSI00000911,Saint Bernards Healthcare,Jonesboro,AR,1,0,18175685,,179,53,110,7,37,3,2,0,1,342,17400,17.4,0,0,0,0,1,0,0,0,0,0,0,0,H4305,215,1,0,0,19
HSI00000912,Saint Charles Health System,Bend,OR,1,1,18956753,0250,238,75,36,40,24,4,4,0,1,311,19261,0.53,0,0,0,0,1,0,1,1,0,0,0,0,,,1,156,0,18
HSI00000913,Saint Clair Memorial Hospital,Pittsburgh,PA,1,0,18253913,,134,53,12,10,22,1,1,0,1,295,14744,0,0,0,0,0,0,0,0,0,0,0,0,0,,,1,89,3,0
HSI00000914,Saint Claire Regional Medical Center,Morehead,KY,1,0,18289432,,75,37,27,10,12,1,1,1,1,91,4517,9.55,0,0,0,0,1,1,0,0,,,,,,,1,61,0,0
HSI00000916,Saint Dominic Health Services,Jackson,MS,1,0,17773503,,169,73,72,8,41,1,1,0,1,545,23247,0,0,0,0,0,0,0,0,0,0,0,0,0,,,1,89,0,0
HSI00000917,Saint Elizabeth Healthcare,Edgewood,KY,1,1,17774116,0618,545,212,173,18,113,4,4,2,1,764,50298,25.56,0,0,0,0,1,0,0,0,0,0,0,0,,,1,417,0,111
HSI00000919,Saint Francis Health System,Tulsa,OK,1,1,17773333,0254,486,182,95,71,80,8,7,0,1,1401,62525,190.7,0,0,1,1,1,0,0,1,1,1,0,1,H4198,3255,1,0,13,30
HSI00000920,Saint Francis Healthcare System,Cape Girardeau,MO,1,0,18388289,,178,71,82,6,33,1,1,0,1,284,11055,0,0,0,0,0,0,0,0,0,0,0,0,0,,,0,0,0,0
HSI00000925,Saint Joseph Medical Center,Yonkers,NY,1,0,18284605,,119,45,15,3,12,1,1,0,1,124,4097,36.04,0,0,1,0,2,1,0,0,0,,,,,,1,24,0,0
HSI00000927,Saint Josephs Candler Health System,Savannah,GA,1,0,17773339,,142,47,56,29,75,2,2,3,1,422,22182,0,0,0,0,0,0,0,1,1,0,0,0,0,,,1,60,0,0
HSI00000929,Saint Josephs Healthcare System,Paterson,NJ,1,0,17773340,,453,106,65,9,44,2,2,1,1,681,34356,221.34,0,0,1,0,2,1,0,0,0,0,0,0,,,1,32,0,0
HSI00000930,Saint Lawrence Health System,Potsdam,NY,1,1,18381773,0928,98,34,28,32,28,2,2,0,1,119,5130,0,0,0,0,0,0,1,0,1,0,0,0,0,,,1,72,0,0
HSI00000933,Saint Lukes Episcopal Presbyterian Hospital,Chesterfield,MO,1,0,18290218,,355,150,63,5,44,2,2,1,1,496,18910,74.1,0,0,1,0,1,0,0,0,0,0,0,0,,,1,131,0,0
HSI00000934,Saint Lukes Health System,Boise,ID,1,1,17773828,0356,864,322,317,154,194,9,8,2,1,819,47381,8.37,0,0,0,0,1,0,0,1,0,0,0,0,,,1,373,0,0
HSI00000935,Saint Lukes Health System,Kansas City,MO,1,1,17773506,0120,714,216,184,18,101,11,8,2,2,908,52383,109.15,0,0,0,0,1,0,0,1,0,0,0,0,,,1,0,7,77
HSI00000936,Saint Lukes University Health Network,Bethlehem,PA,1,1,17773829,0862,1092,420,238,266,290,9,9,3,2,1058,62140,207.81,0,0,1,0,1,1,0,0,1,1,0,0,,,1,709,0,23
HSI00000937,Saint Lukes Hospital of Duluth,Duluth,MN,1,0,18184915,,240,104,41,24,43,2,2,0,1,254,11134,7.72,0,0,0,0,1,0,0,0,1,0,0,1,,,1,224,0,0
HSI00000942,Saint Peters Healthcare System,New Brunswick,NJ,1,0,18388290,,264,76,45,25,32,1,1,0,1,359,18870,119.12,0,0,1,0,2,0,0,0,0,0,0,0,,,1,83,0,0
HSI00000943,St. Peters Health,Helena,MT,1,0,18293391,,88,33,24,18,4,1,1,0,1,101,5015,0,0,0,0,0,0,0,0,0,0,0,0,0,,,1,0,0,17
HSI00000944,Slidell Memorial Hospital,Slidell,LA,1,0,18360903,,78,32,24,1,11,1,1,0,1,231,8747,2.06,0,0,0,0,1,0,0,0,0,0,0,0,,,1,28,0,0
HSI00000947,Salem Health,Salem,OR,1,1,18293864,0403,126,36,28,18,7,2,2,0,1,406,24313,0,0,0,0,0,0,0,0,1,0,0,0,0,,,1,0,0,5
HSI00000948,Salina Regional Health Center,Salina,KS,1,1,17814501,1002,124,57,53,23,28,4,3,0,1,222,7205,14.17,0,0,0,0,1,0,0,0,0,0,0,0,,,0,0,0,0
HSI00000949,Salinas Valley Memorial Healthcare System,Salinas,CA,1,0,17997766,,223,82,27,42,37,1,1,0,1,263,10926,0,0,0,0,0,0,1,0,0,1,1,0,0,,,1,2,0,0
HSI00000951,Samaritan Health Services,Corvallis,OR,1,1,18149568,0186,545,235,58,84,98,5,5,0,1,311,14551,81.09,0,0,1,0,2,0,0,0,1,1,1,0,H3811,5051,1,0,0,18
HSI00000952,Samaritan Health System,Watertown,NY,1,0,18288547,,95,31,28,26,21,1,1,2,1,238,7155,12.4,0,0,0,0,1,0,1,1,0,0,0,0,,,1,72,0,0
HSI00000954,San Antonio Regional Hospital,Upland,CA,1,0,18294896,,78,13,13,4,5,1,1,0,1,363,17280,0,0,0,0,0,0,0,0,0,0,0,0,0,,,1,23,0,0
HSI00000956,San Juan Regional Medical Center,Farmington,NM,1,0,18291675,,94,29,37,9,17,2,1,0,1,184,9503,0,0,0,0,0,0,1,0,0,0,0,0,0,,,0,0,0,0
HSI00000958,Sanford Health,Sioux Falls,SD,1,1,17774114,0530,1580,616,604,302,257,39,38,18,3,1858,76888,136.93,0,0,0,0,1,1,0,1,1,0,1,1,H3503,320,1,11,0,88
HSI00000959,Santa Clara Valley Health and Hospital System,San Jose,CA,1,0,18187163,,783,307,85,39,43,1,1,0,1,393,19675,163.75,0,0,1,0,2,1,0,0,1,,1,1,,,0,0,0,0
HSI00000961,Sarah Bush Lincoln Health System,Mattoon,IL,1,0,18081951,,99,38,45,18,29,1,1,0,1,86,6319,0,0,0,0,0,0,0,0,0,0,0,0,0,,,0,0,0,0
HSI00000962,Sarasota Memorial Health Care System,Sarasota,FL,1,0,18404155,,259,122,70,32,55,1,1,1,1,664,31064,3.45,0,0,0,0,1,0,1,1,0,0,0,0,,,0,0,0,0
HSI00000968,Scripps Health,San Diego,CA,1,1,17773825,1505,1237,482,208,121,107,5,5,0,1,1242,66294,160.94,0,0,1,0,1,1,0,0,1,0,0,0,,,1,617,0,0
HSI00000969,Seattle Childrens Hospital Research and Foundation,Seattle,WA,1,0,18290346,,783,269,255,38,19,1,1,0,1,348,12007,249.32,0,2,1,1,2,0,0,0,,,,,,,0,0,0,0
HSI00000972,Sentara Healthcare,Norfolk,VA,1,1,17773497,2565,2542,467,352,220,324,13,12,9,2,2377,134535,152.54,0,0,1,0,1,0,1,1,1,1,1,1,H2563; H2941,3296,1,3,517,0
HSI00000975,Shannon Health System,San Angelo,TX,1,0,17829265,,203,77,67,23,39,1,1,1,1,258,12592,0,0,0,0,0,0,0,0,0,0,0,0,0,,,0,0,0,0
HSI00000977,Sharp Healthcare,San Diego,CA,1,1,17773661,2065,1623,557,153,104,248,6,5,3,1,1552,74724,0,0,0,0,0,0,1,0,0,1,1,1,1,H5386,2837,1,29,0,0
HSI00000981,Shriners Hospitals for Children,Tampa,FL,1,1,17773970,4125,255,19,55,44,3,18,4,0,3,,,,,2,,,,,,,0,0,0,0,,,0,0,0,0
HSI00000984,Signature Healthcare,Brockton,MA,1,0,18199030,,254,96,35,44,29,1,1,6,1,175,9983,14.66,0,0,0,0,1,0,0,0,1,0,1,0,,,0,0,0,0
HSI00000985,Silver Cross Hospital,New Lenox,IL,1,0,18290248,,76,34,24,7,14,1,1,0,1,257,18680,0,0,0,0,0,0,0,0,0,0,0,0,0,,,1,21,0,0
HSI00000987,Sinai Health System,Chicago,IL,1,1,18166690,0284,267,89,44,36,34,3,2,1,1,455,20867,116.39,0,0,1,0,2,1,0,0,0,0,0,0,,,0,0,0,0
HSI00000988,Singing River Health System,Gautier,MS,1,0,17773826,,110,27,27,12,23,1,1,0,1,350,16099,0,0,0,0,0,0,0,0,0,0,,,,,,0,0,0,0
HSI00000990,Sisters of Charity Health System,Cleveland,OH,1,1,17845026,5125,152,63,18,19,39,2,2,2,1,418,20543,94.8,0,0,1,0,1,1,0,0,0,0,0,0,,,1,52,0,0
HSI00000991,SCL Health,Broomfield,CO,1,1,17773335,5095,1273,364,166,146,129,10,10,1,2,1536,79016,139.25,0,0,1,0,1,0,0,1,1,0,0,1,,,1,250,36,95
HSI00000994,Sky Lakes Medical Center,Klamath Falls,OR,1,0,18379817,,115,65,18,5,16,1,1,0,1,105,5259,21.7,0,0,0,0,1,0,0,0,0,0,0,0,,,1,0,0,27
HSI00000998,South County Health,Wakefield,RI,1,0,20806136,,89,31,32,9,25,1,1,0,1,91,6502,0,0,0,0,0,0,0,0,0,0,0,0,0,,,1,40,0,0
HSI00000999,South Georgia Medical Center,Valdosta,GA,1,1,18163126,1034,135,37,25,17,13,4,4,1,1,365,13515,0,0,0,0,0,0,0,0,1,0,0,0,0,,,0,0,0,0
HSI00001002,South Shore Health System,South Weymouth,MA,1,0,17781067,,330,120,58,48,10,1,1,0,1,368,25831,0,0,0,0,0,0,0,0,0,0,0,0,0,,,1,198,124,0
HSI00001004,Southcoast Health System,New Bedford,MA,1,0,17773498,,486,160,152,80,101,1,1,0,1,835,34175,0,0,0,0,0,0,0,0,0,0,0,0,0,,,1,319,0,0
HSI00001005,Southeast Health,Dothan,AL,1,0,17773499,,148,57,24,8,19,1,1,0,1,387,19677,0,0,0,0,0,0,0,0,0,,,,,,,0,0,0,0
HSI00001006,Southeast Georgia Health System,Brunswick,GA,1,1,17992292,0253,167,54,39,21,49,2,2,2,1,340,14605,0,0,0,0,0,0,0,0,0,0,0,0,0,,,0,0,0,0
HSI00001007,Southeast Health,Cape Girardeau,MO,1,1,18297319,0628,107,39,60,2,33,3,3,0,1,265,8828,0,0,0,0,0,0,0,0,1,0,0,0,0,,,0,0,0,0
HSI00001009,Southern Illinois Healthcare,Carbondale,IL,1,1,17837006,4175,209,80,56,49,40,3,3,1,1,277,17773,13.3,0,0,0,0,1,0,1,0,0,0,0,0,,,0,0,0,0
HSI00001016,Southwestern Vermont Health Care,Bennington,VT,1,0,18200742,,94,35,31,10,22,1,1,1,1,78,3402,1.55,0,0,0,0,1,0,0,0,,,,,,,0,0,0,0
HSI00001018,Sparrow Health System,Lansing,MI,1,1,17773663,1245,466,185,122,98,76,5,4,0,1,631,32112,0.68,0,0,0,0,1,0,0,1,1,0,0,1,,,1,299,0,60
HSI00001020,Spartanburg Regional Healthcare System,Spartanburg,SC,1,1,17773501,4195,481,196,178,36,89,4,3,1,1,574,32840,55.58,0,0,0,0,1,0,0,1,0,0,0,0,,,1,347,0,0
HSI00001021,Spectrum Health,Grand Rapids,MI,1,1,17773827,0177,1538,584,339,505,213,11,11,5,1,1430,85665,246.26,0,0,0,0,1,0,0,1,1,1,1,1,H2320; H4875,145450,1,0,0,136
HSI00001022,Springfield Medical Care Systems,Springfield,VT,1,0,18288761,,56,25,26,39,14,1,1,0,1,25,1579,0,0,0,0,0,0,0,0,0,,,,,,,1,32,0,0
HSI00001032,Stamford Health,Stamford,CT,1,0,18288719,,317,91,37,47,79,1,1,0,1,279,13888,67.15,0,0,0,0,1,0,1,0,0,0,0,0,,,1,0,7,0
HSI00001033,Stanford Health Care,Stanford,CA,1,1,17779642,0156,3081,691,293,161,206,3,3,1,1,916,47859,792.03,0,1,1,1,2,0,0,0,1,1,0,0,H2986,2925,0,0,0,0
HSI00001037,Steward Health Care System,Dallas,TX,1,1,17773629,0141,3768,1117,494,403,433,36,31,3,3,4077,172703,357.51,1,0,1,1,1,1,0,1,0,0,0,0,H5587,9403,1,1000,2,0
HSI00001038,Stony Brook Medicine,Stony Brook,NY,1,0,18294974,,907,225,203,78,105,3,3,1,1,763,41045,534.31,0,0,1,1,2,1,0,1,0,0,0,0,,,1,2,0,0
HSI00001039,Stormont Vail Health,Topeka,KS,1,0,17837007,,297,119,158,51,37,1,1,0,1,437,25514,0.98,0,0,0,0,1,0,0,0,1,0,0,0,,,1,263,0,0
HSI00001041,Sturdy Memorial Hospital,Attleboro,MA,1,0,18288831,,125,45,38,14,16,1,1,0,1,131,6782,0,0,0,0,0,0,0,0,0,0,0,0,0,,,1,88,0,0
HSI00001042,Success Healthcare,Boca Raton,FL,1,1,18386820,0517,56,21,8,4,2,2,2,0,2,358,9323,1.52,1,0,0,0,1,1,1,1,0,0,0,0,,,0,0,0,0
HSI00001043,Summa Health System,Akron,OH,1,1,17773666,0399,629,197,128,46,102,4,3,0,1,662,32608,250.99,0,0,1,0,2,0,0,0,1,1,1,1,H3660,23345,1,298,20,33
HSI00001045,Summit Health,Chambersburg,PA,1,1,18283376,0189,246,82,81,53,55,2,2,0,1,286,12666,0.83,0,0,0,0,1,0,1,1,0,0,0,0,,,0,0,0,0
HSI00001050,Sutter Health,Sacramento,CA,1,1,17774118,8795,6265,2345,499,357,697,27,24,2,2,3784,177974,145.68,0,0,1,0,1,1,0,1,1,1,1,1,H5406,273,1,23,0,0
HSI00001053,T J Regional Health,Glasgow,KY,1,0,17773513,,77,34,39,2,10,1,1,1,1,117,5122,10.54,0,0,0,0,1,1,0,0,,,,,,,0,0,0,0
HSI00001055,TMC Healthcare,Tucson,AZ,1,0,18154490,,126,57,59,14,20,1,1,0,1,441,32508,41.64,0,0,0,0,1,0,1,0,0,0,0,0,,,1,50,0,0
HSI00001059,Tahoe Forest Health System,Truckee,CA,1,1,18186311,0379,70,19,9,13,14,2,2,1,2,29,1696,0,0,0,0,0,0,0,1,1,0,,,,,,0,0,0,0
HSI00001060,Tallahassee Memorial Healthcare,Tallahassee,FL,1,0,17774119,,332,155,87,35,48,3,3,1,1,462,30742,59.65,0,0,0,0,1,0,1,1,0,0,0,0,,,0,0,0,0
HSI00001061,Tanner Health System,Carrollton,GA,1,1,18137145,0341,301,54,55,21,52,4,4,0,2,236,12079,0,0,0,0,0,0,0,0,1,0,0,0,0,,,0,0,0,0
HSI00001063,JPS Health Network,Fort Worth,TX,1,0,18966988,,527,237,158,45,59,1,1,1,1,408,25444,192.73,0,0,1,0,2,1,1,1,0,0,0,0,,,0,0,0,0
HSI00001065,Temple University Health System,Philadelphia,PA,1,1,17774120,0169,1331,330,134,84,97,3,2,0,1,744,31960,439.69,0,0,1,1,2,1,0,0,1,1,1,0,,,1,0,0,19
HSI00001066,Tenet Healthcare Corporation,Dallas,TX,1,1,17774121,0919,7580,1843,1250,658,957,81,68,3,3,15006,675646,1539.21,1,1,1,1,1,1,0,1,1,1,1,1,,,1,445,130,0
HSI00001069,Texas Childrens Hospital,Houston,TX,1,0,17773509,,1242,468,193,155,92,1,1,0,1,743,33343,410.24,0,2,1,0,2,0,0,0,1,,1,,,,0,0,0,0
HSI00001072,Texas Health Resources,Arlington,TX,1,1,17773668,0129,1262,545,476,241,306,19,16,0,1,3034,159319,36.25,0,0,0,0,1,0,1,1,1,1,0,0,,,1,536,0,0
HSI00001073,Kings Daughters Health,Madison,IN,1,0,18334048,,55,22,23,2,8,1,1,0,1,88,3240,0,0,0,0,0,0,0,0,0,0,0,0,0,,,1,42,0,0
HSI00001074,The Carle Foundation,Urbana,IL,1,1,17773669,2575,645,258,238,67,52,3,3,1,1,460,27003,54.67,0,0,0,0,1,0,0,1,1,1,0,1,H1463; H1737; H2591; H3471,29394,0,0,0,0
HSI00001075,The Childrens Hospital of Philadelphia,Philadelphia,PA,1,0,17773468,,1434,613,418,40,82,1,1,0,1,541,20250,418.46,0,2,1,1,2,0,0,0,0,0,0,0,,,0,0,0,0
HSI00001076,The Childrens Mercy Hospitals and Clinics,Kansas City,MO,1,0,18138029,,913,424,158,5,39,2,2,0,2,351,15198,180.92,0,2,1,1,2,0,0,0,0,0,0,0,,,0,0,0,0
HSI00001077,The Christ Hospital Health Network,Cincinnati,OH,1,0,18291628,,396,131,98,22,117,1,1,0,1,473,23802,78.58,0,0,0,0,1,0,0,0,0,0,0,0,,,1,0,11,87
HSI00001078,The Cleveland Clinic Health System,Cleveland,OH,1,1,17773973,0212,4789,1184,1329,583,321,18,14,2,2,3705,185509,1258.24,0,0,1,1,2,1,0,1,1,1,0,1,,,1,3268,143,318
HSI00001079,The Cooper Health System,Camden,NJ,1,0,17773510,,586,143,159,21,111,1,1,1,1,575,30026,310.26,0,0,1,0,2,1,0,0,1,0,0,1,,,1,182,21,7
HSI00001080,The Erie County Medical Center Corporation,Buffalo,NY,1,0,17773474,,247,58,44,45,10,1,1,1,1,322,15506,158.02,0,0,1,0,2,1,0,0,0,0,0,0,,,1,0,0,8
HSI00001081,Houston Methodist,Houston,TX,1,1,17773831,7235,1550,317,356,86,153,8,7,2,1,2153,100611,234.93,0,0,0,0,1,0,0,1,0,0,0,0,,,1,591,0,0
HSI00001082,The Methodist Hospitals,Gary,IN,1,0,17773343,,130,22,27,7,30,1,1,0,1,445,14473,2.94,0,0,0,0,1,1,0,0,0,0,0,0,,,0,0,0,0
HSI00001083,The Metrohealth System,Cleveland,OH,1,0,17774123,,926,338,153,27,34,1,1,2,1,499,19624,363.3,0,0,1,1,2,1,0,0,0,0,0,0,,,1,564,0,0
HSI00001084,The Morris Hospital and Healthcare Centers,Morris,IL,1,0,18294492,,73,32,19,8,25,1,1,0,1,89,4508,0,0,0,0,0,0,0,1,0,0,0,0,0,,,1,42,0,0
HSI00001085,The Nebraska Medical Center,Omaha,NE,1,0,17773651,,1164,318,177,137,104,4,3,1,2,633,34044,374.39,0,0,1,1,2,0,0,0,1,1,0,1,,,1,649,0,0
HSI00001086,The Ohio State University Wexner Medical Center,Columbus,OH,1,1,17773344,0251,2156,464,665,108,170,15,13,1,1,1328,63583,509.97,0,0,1,0,2,1,0,1,1,0,0,0,,,1,1084,0,110
HSI00001087,The Queens Health Systems,Honolulu,HI,1,1,17774124,0040,403,128,94,16,39,4,4,0,1,663,29945,102.22,0,0,0,0,1,0,0,1,1,0,0,0,,,1,0,0,9
HSI00001089,The University of Chicago Medicine,Chicago,IL,1,1,17774126,0058,1417,375,272,65,69,2,2,0,1,916,43540,617.14,0,0,1,1,2,1,0,1,1,1,1,0,,,1,747,66,0
HSI00001090,The University of Toledo Medical Center,Toledo,OH,1,0,17773803,,494,128,58,24,26,1,1,0,1,212,9624,163.32,0,0,1,1,2,0,0,0,0,0,0,0,,,1,209,13,14
HSI00001092,ThedaCare,Appleton,WI,1,1,17836110,2445,381,173,185,68,74,7,7,3,1,411,23180,11.19,0,0,0,0,1,0,0,0,,,,,,,1,264,6,0
HSI00001093,Thomas Health System,Charleston,WV,1,1,19360881,0643,92,40,26,21,22,2,2,1,1,291,7167,0,0,0,0,0,0,0,0,0,0,0,0,0,,,0,0,0,0
HSI00001096,Tidelands Health,Georgetown,SC,1,0,18400674,,142,65,27,13,51,2,2,0,1,255,10686,1.84,0,0,0,0,1,0,0,0,0,0,0,0,,,0,0,0,0
HSI00001097,Tift Regional Health System,Tifton,GA,1,1,22186325,0910,116,45,68,26,24,2,2,1,1,214,9571,0,0,0,0,0,0,0,1,0,0,0,0,0,,,1,111,0,0
HSI00001104,TriHealth,Cincinnati,OH,1,0,17774125,,868,359,196,27,178,3,2,0,1,402,25927,42.84,0,0,0,0,1,0,0,0,1,1,1,0,,,1,646,31,178
HSI00001105,Trinitas Regional Medical Center,Elizabeth,NJ,1,0,18294978,,155,32,15,2,21,2,1,0,1,220,11698,44.24,0,0,0,0,1,1,0,0,0,0,0,0,,,1,2,0,0
HSI00001106,Trinity Health,Livonia,MI,1,1,17818070,0906,11236,4106,2209,1607,1461,91,87,47,3,15319,811030,2025.7,0,0,1,1,1,1,0,1,1,1,1,1,H1234; H1500; H1846; H2936; H3493; H3668; H3919; H4074; H5493; H5932; H6551; H9190; H9842,110559,1,4367,109,216
HSI00001107,Trinity Health,Minot,ND,1,0,17846710,,150,46,61,12,40,3,3,2,1,177,7303,7.86,0,0,0,0,1,0,0,0,0,0,0,0,,,0,0,0,0
HSI00001109,Trios Health,Kennewick,WA,1,0,18156052,,96,49,17,2,18,1,1,0,1,111,5691,20.28,0,0,0,0,1,0,1,1,0,0,0,0,,,0,0,0,0
HSI00001110,Truman Medical Centers,Kansas City,MO,1,1,17992293,9255,614,177,57,6,19,2,2,1,1,348,18207,239.13,0,0,1,1,2,1,1,1,0,0,0,0,,,1,0,0,2
HSI00001111,Tuality Healthcare,Hillsboro,OR,1,0,18187537,,106,26,14,7,16,2,2,0,1,194,3337,0,0,0,0,0,0,0,1,0,0,0,0,0,,,1,0,0,4
HSI00001112,Tufts Medical Center,Boston,MA,1,0,18045109,,1056,261,118,74,55,1,1,0,1,364,17582,316.28,0,0,1,1,2,1,0,0,1,0,1,0,,,1,210,0,0
HSI00001116,UAB Health System,Birmingham,AL,1,1,17773974,9105,1459,388,215,39,144,5,4,0,1,1334,52370,529.37,0,0,1,0,2,1,0,1,1,1,1,,H0154,48104,1,1117,67,0
HSI00001118,UC Health,Cincinnati,OH,1,1,17773943,0082,1924,201,183,54,117,5,2,1,1,630,33196,471.52,0,0,1,1,2,1,0,0,0,0,0,0,,,1,0,30,64
HSI00001121,UF Health,Gainesville,FL,1,1,17773660,0111,2147,527,329,137,155,2,2,0,1,1520,75423,950.84,0,0,1,1,2,1,1,1,0,0,0,0,,,0,0,0,0
HSI00001122,UMass Memorial Health Care,Worcester,MA,1,1,17773976,0224,1422,460,304,89,133,5,5,0,1,787,48653,517.61,0,0,1,1,2,0,0,0,0,0,0,0,,,1,1042,0,0
HSI00001123,UNC Health Care System,Chapel Hill,NC,1,1,17774131,0901,2173,605,435,320,345,11,11,3,2,2564,119146,687.58,0,0,1,1,2,1,0,1,1,1,0,1,,,1,1327,35,0
HSI00001125,UNM Hospitals,Albuquerque,NM,1,1,18147735,0021,875,332,153,95,58,2,2,0,1,532,28539,446.21,0,0,1,1,2,1,0,0,0,0,0,0,,,0,0,0,0
HSI00001126,UPMC,Pittsburgh,PA,1,1,17773516,0137,5397,1702,1028,972,1064,34,32,16,2,6290,277184,1648.08,0,1,1,1,2,1,0,1,1,1,1,1,H3907; H3917; H4279; H5533,182859,1,60,55,0
HSI00001130,USMD Health System,Irving,TX,1,1,18384037,0868,250,111,26,22,60,2,2,0,1,42,1823,0,1,0,0,0,0,0,0,0,0,0,0,0,,,1,191,0,0
HSI00001132,UW Health,Madison,WI,1,1,17773835,1009,1910,530,422,221,153,3,2,0,2,899,45023,463.06,0,0,1,1,2,0,0,0,1,1,1,1,H5262; H9834,16776,1,1230,0,0
HSI00001133,UW Medicine,Seattle,WA,1,1,17774134,6415,3615,934,532,215,228,4,4,0,1,1219,62280,774.56,0,0,1,1,2,1,0,0,0,0,0,0,,,1,223,0,0
HSI00001136,Union Hospital,Elkton,MD,1,0,18180438,,91,28,27,20,30,1,1,0,1,96,5140,0,0,0,0,0,0,0,0,0,0,0,0,0,,,1,43,0,0
HSI00001137,Union Health,Terre Haute,IN,1,0,18361667,,196,78,81,10,40,2,2,0,1,258,16733,21.04,0,0,0,0,1,0,0,1,0,0,0,0,,,1,99,0,0
HSI00001138,United Health Services,Binghamton,NY,1,1,17773975,0288,306,118,118,65,74,3,3,2,1,449,15884,73.33,0,0,0,0,1,0,0,0,0,0,0,0,,,1,0,110,0
HSI00001143,United Regional Health Care System,Wichita Falls,TX,1,0,17837668,,83,39,36,11,9,1,1,0,1,256,14858,17.5,0,0,0,0,1,0,1,1,0,0,0,0,,,0,0,0,0
HSI00001145,Unity Health,Searcy,AR,1,0,18197557,,123,47,17,4,15,3,2,0,1,202,12689,24.97,0,0,0,0,1,0,0,0,0,0,0,0,,,1,0,0,24
HSI00001146,Unitypoint Health,West Des Moines,IA,1,1,17773949,0061,1881,838,760,254,372,36,36,9,3,3086,140771,193.79,0,0,0,0,1,0,0,1,1,1,1,1,H3416; H5262; H8424; H9834,18120,1,1004,0,0
HSI00001148,Universal Health Services,Norristown,PA,1,1,17774130,9555,2680,660,570,260,182,159,26,1,3,5359,277444,510.27,1,0,1,1,1,1,0,1,1,0,0,0,H5945; H7680,7229,1,718,0,0
HSI00001151,University Health Care System,Augusta,GA,1,1,2943642,0896,298,103,68,45,57,3,3,3,1,585,26546,6.66,0,0,0,0,1,0,0,1,0,0,0,0,,,1,15,0,0
HSI00001153,University of Tennessee Medical Center,Knoxville,TN,1,0,18960250,,603,203,153,38,80,1,1,1,1,589,28964,205.39,0,0,1,0,2,0,0,0,0,0,0,0,,,1,196,0,0
HSI00001154,University Hospital,Newark,NJ,1,0,17774129,,644,139,96,10,34,2,1,1,1,379,16180,322.08,0,0,1,1,2,1,1,1,0,0,0,0,,,0,0,0,0
HSI00001155,University of Mississippi Health Care,Jackson,MS,1,1,18265811,0915,1232,247,271,4,51,3,3,0,1,774,32514,534.91,0,0,1,1,2,1,1,1,0,0,0,0,,,0,0,0,0
HSI00001156,University Hospitals,Shaker Heights,OH,1,1,17773675,0112,2934,969,549,174,401,17,14,2,1,2257,114092,893.92,0,1,1,1,2,0,0,1,0,0,0,0,,,1,1498,50,11
HSI00001159,University Medical Center Health System,Lubbock,TX,1,0,18294903,,139,76,89,22,35,1,1,0,1,458,21018,212.41,0,0,1,0,2,0,1,1,0,0,0,0,,,1,38,0,0
HSI00001160,University Medical Center of Southern Nevada,Las Vegas,NV,1,0,17773678,,365,142,25,23,18,1,1,0,1,497,24388,198.05,0,0,1,0,2,1,1,0,0,0,0,0,,,1,57,14,0
HSI00001165,University of Texas Health System,Austin,TX,0,1,,0033,5492,1037,,,192,7,5,,1,1218,60628,725.79,0,0,1,1,2,0,0,0,1,1,0,0,,,1,1364,84,0
HSI00001166,University of Arkansas for Medical Sciences,Little Rock,AR,1,0,18226400,,1047,363,182,21,48,1,1,0,1,494,27996,325.21,0,0,1,1,2,1,0,0,0,0,0,0,,,1,698,0,67
HSI00001168,UC Health,Oakland,CA,1,1,17773832,6405,10147,2570,1215,151,641,10,8,0,1,3292,166032,2718.22,0,1,1,1,2,1,0,0,1,1,1,0,,,1,5045,0,0
HSI00001169,University of Colorado Health,Aurora,CO,1,1,18956754,0381,2846,741,774,425,267,11,11,1,2,2061,102826,653.9,0,1,1,1,2,1,0,0,0,0,0,0,,,1,1885,0,209
HSI00001170,University of Connecticut Health Center,Farmington,CT,1,0,18294969,,625,143,116,33,27,1,1,0,1,142,9334,217.5,0,0,1,1,2,0,1,0,0,0,0,0,,,0,0,0,0
HSI00001171,University of Illinois Medical Center,Chicago,IL,1,0,17774127,,1380,338,142,9,90,1,1,0,1,434,19291,493.14,0,0,1,1,2,1,0,0,0,0,0,0,,,0,0,0,0
HSI00001172,University of Iowa Hospitals and Clinics,Iowa City,IA,1,0,17774128,,1874,498,209,66,59,3,3,0,1,749,33773,596.06,0,0,1,1,2,0,0,1,1,0,0,1,,,1,883,0,0
HSI00001173,The University of Kansas Health System,Kansas City,KS,1,1,17773345,1040,2162,761,282,113,119,6,6,1,1,1274,53322,360.02,0,0,1,0,2,0,0,1,1,0,0,0,,,1,814,0,75
HSI00001174,University of Kentucky Healthcare,Lexington,KY,1,0,17773514,,1667,443,217,62,70,3,2,0,1,883,40909,526.67,0,0,1,0,2,1,0,0,0,0,0,0,,,0,0,0,0
HSI00001175,University of Maryland Medical System,Baltimore,MD,1,1,17773833,0216,2390,623,629,245,231,14,12,1,1,2474,112346,722.59,0,0,1,1,2,1,0,0,1,1,1,0,H8854,10732,1,301,0,0
HSI00001176,University of Miami Health System,Miami,FL,1,1,18247237,0881,2598,193,287,24,119,3,1,0,1,476,21421,118.22,0,0,0,0,1,1,0,0,0,,,,,,0,0,0,0
HSI00001177,University of Michigan Health System,Ann Arbor,MI,1,0,17773977,,3263,883,497,372,123,2,2,0,1,1117,55339,1034.62,0,0,1,1,2,0,0,0,0,0,0,0,,,1,1871,110,159
HSI00001178,University of Missouri Health Care,Columbia,MO,1,1,17773676,0227,1219,374,95,38,65,5,4,0,1,629,31116,380.89,0,1,1,1,2,0,0,0,0,0,0,0,,,0,0,0,0
HSI00001179,University of Rochester Medical Center,Rochester,NY,1,1,17773972,0223,1686,447,410,192,177,6,6,3,1,1201,65224,742.27,0,0,1,1,2,1,0,0,0,0,0,0,,,0,0,0,0
HSI00001180,University of South Alabama Hospitals,Mobile,AL,1,1,17773517,0057,431,135,46,16,31,2,1,0,1,148,7794,138.59,0,0,1,1,2,1,1,1,0,0,0,0,,,1,0,17,0
HSI00001181,University of Southern California,Los Angeles,CA,1,1,18248385,0954,1744,284,159,51,67,3,2,0,1,423,17695,139.06,0,0,1,0,2,0,0,0,0,0,0,0,,,1,2,0,0
HSI00001184,University of Utah Hospitals and Clinics,Salt Lake City,UT,1,0,17773679,,1394,266,233,159,109,2,1,0,1,516,31550,379.3,0,0,1,1,2,0,0,0,1,1,1,1,,,0,0,0,0
HSI00001185,University of Vermont Health Network,Burlington,VT,1,0,17774092,,1188,359,213,166,171,7,7,5,2,932,35736,278.95,0,0,1,1,2,0,0,1,1,1,1,1,,,1,809,0,0
HSI00001186,University of Virginia Health System,Charlottesville,VA,1,1,17774133,0860,1374,237,244,45,140,2,1,0,1,577,28950,653.61,0,0,1,1,2,0,0,0,1,1,0,0,,,0,0,0,0
HSI00001188,Upper Peninsula Health Care Solutions,Marquette,MI,1,0,17830976,,151,56,44,31,29,6,6,4,1,250,6540,0,0,0,0,0,0,0,0,0,1,0,1,0,,,1,60,0,0
HSI00001213,VCU Health System,Richmond,VA,1,1,17773805,0939,886,184,258,38,115,4,2,1,1,767,39616,467.33,0,0,1,1,2,0,1,0,1,1,1,1,H9877,4290,0,0,0,0
HSI00001214,Vail Health,Vail,CO,1,0,18240893,,96,17,15,16,21,1,1,0,1,56,2075,0,0,0,0,0,0,0,0,0,0,0,0,0,,,0,0,0,0
HSI00001217,Valley Health System,Winchester,VA,1,1,17773523,0128,267,96,111,48,67,6,6,3,2,524,25322,16.26,0,0,0,0,1,0,0,1,0,0,0,0,,,1,177,0,0
HSI00001218,Valley Health System,Ridgewood,NJ,1,0,17773351,,315,110,92,28,76,1,1,0,1,365,22190,0,0,0,0,0,0,0,0,0,0,0,0,0,,,1,266,0,54
HSI00001219,Valley Health Systems,Holyoke,MA,1,0,17779643,,113,43,43,16,12,1,1,0,1,165,5602,0,0,0,0,0,0,0,0,0,0,0,0,0,,,1,44,0,0
HSI00001222,Vanderbilt University Medical Center,Nashville,TN,1,1,17773682,0387,2084,395,648,46,146,1,1,0,1,941,57902,732.49,0,0,1,1,2,0,0,0,0,0,0,0,,,1,1339,66,0
HSI00001223,Ventura County Health Care Agency,Ventura,CA,1,0,18360896,,298,168,35,23,45,1,1,0,1,272,13756,42.09,0,0,0,0,1,1,1,1,,,,,,,0,0,0,0
HSI00001224,Verity Health System,El Segundo,CA,1,1,17844471,1075,409,74,29,41,35,6,6,3,1,1334,50332,27.23,0,0,0,0,1,1,0,1,0,0,0,0,,,1,0,7,0
HSI00001230,Vidant Health,Greenville,NC,1,1,17773674,0217,715,210,177,113,97,8,8,0,1,1126,52075,316.36,0,0,1,0,2,1,0,1,0,0,0,0,,,1,626,0,0
HSI00001232,Virginia Mason Health System,Seattle,WA,1,1,17837010,0986,872,285,114,72,30,2,2,1,1,405,22146,115.81,0,0,1,0,2,1,0,0,1,1,1,1,,,1,0,6,0
HSI00001233,Virtua Health,Marlton,NJ,1,1,17773527,6725,647,222,173,42,122,3,3,2,1,904,51439,39.97,0,0,0,0,1,0,0,0,1,0,0,0,,,1,0,0,51
HSI00001235,Wake Forest University Baptist Medical Center,Winston Salem,NC,1,1,17773684,0221,1387,351,230,242,178,6,6,0,1,1285,56652,607.12,0,0,1,1,2,0,0,0,0,0,0,0,,,1,1139,0,0
HSI00001236,Wakemed Health and Hospitals,Raleigh,NC,1,1,17773353,6705,371,97,97,115,69,2,2,0,1,741,42324,58.25,0,0,0,0,1,0,0,0,1,,1,,,,1,293,0,0
HSI00001238,Washington Health System,Washington,PA,1,1,19141033,0979,158,83,31,21,40,2,2,0,1,237,10483,20.13,0,0,0,0,1,0,0,0,0,0,0,0,,,1,81,0,0
HSI00001239,Washington Hospital Healthcare System,Fremont,CA,1,0,18287490,,133,32,7,16,27,1,1,0,1,289,12546,0,0,0,0,0,0,0,0,0,,,,,,,1,42,0,0
HSI00001240,Washington Regional,Fayetteville,AR,1,0,18215065,,132,51,52,10,33,1,1,0,1,340,16794,20.77,0,0,0,0,1,0,0,0,1,1,1,1,,,1,0,0,24
HSI00001243,Wellspan Health,York,PA,1,1,17816856,0068,1065,409,279,128,223,6,4,1,1,823,47808,163.41,0,0,1,0,1,0,0,0,1,1,0,0,,,1,742,0,0
HSI00001244,WellStar Health System,Marietta,GA,1,1,17778037,0995,1790,457,261,179,330,11,10,3,1,2319,111262,119.47,0,0,0,0,1,1,1,1,0,0,0,0,,,1,978,0,0
HSI00001250,West Tennessee Healthcare,Jackson,TN,1,1,17773356,0004,209,80,97,11,54,8,7,0,1,1009,39149,20.64,0,0,0,0,1,0,0,1,0,0,0,0,,,1,81,0,0
HSI00001251,West Virginia United Health System,Morgantown,WV,1,1,17779644,0119,1184,373,211,101,141,10,10,4,1,1338,67870,398.23,0,0,1,0,2,1,0,0,0,0,0,0,,,1,814,5,0
HSI00001252,Westchester Medical Center,Valhalla,NY,1,1,17773985,1004,801,137,122,76,67,8,8,3,1,1361,50071,343.5,0,0,1,0,2,1,0,1,0,0,0,0,,,1,112,0,0
HSI00001253,Western Connecticut Health Network,Danbury,CT,1,1,17773939,0811,786,235,82,148,72,3,3,0,1,585,29922,154.75,0,0,1,0,2,0,1,1,0,0,0,0,,,1,378,0,0
HSI00001255,Western Maryland Health System,Cumberland,MD,1,0,17773986,,110,27,44,20,35,1,1,1,1,200,12168,0,0,0,0,0,0,0,0,0,1,,1,,,,0,0,0,0
HSI00001259,Wheeling Hospital,Wheeling,WV,1,0,17847329,,178,82,38,24,36,3,3,1,2,270,10905,22.14,0,0,0,0,1,1,0,1,,,,,,,0,0,0,0
HSI00001260,White River Health System,Batesville,AR,1,1,18209632,0468,112,48,45,4,40,2,2,1,1,212,7704,2.52,0,0,0,0,1,0,0,0,0,0,0,0,,,1,93,0,6
HSI00001263,Willis-Knighton Health System,Shreveport,LA,1,1,17774137,1945,358,134,68,42,107,3,3,3,1,746,34386,32.23,0,0,0,0,1,0,0,0,0,0,0,0,,,1,8,0,0
HSI00001264,Winona Health,Winona,MN,1,0,18199792,,67,21,22,14,7,1,1,1,1,53,1930,0,0,0,0,0,0,0,0,0,0,0,0,0,,,1,52,0,0
HSI00001269,Witham Health Services,Lebanon,IN,1,0,17991322,,74,26,21,7,22,1,1,0,1,68,2308,0,0,0,0,0,0,0,0,0,0,0,0,0,,,1,57,0,0
HSI00001271,Wyoming Medical Center,Casper,WY,1,0,17817491,,60,22,7,4,7,1,1,0,1,191,8707,0,0,0,0,0,0,0,1,0,0,0,0,0,,,1,0,15,0
HSI00001272,Yale New Haven Health System,New Haven,CT,1,1,17774138,0157,2779,686,508,304,354,6,6,1,2,2076,111890,908.66,0,0,1,1,2,0,1,0,0,0,0,0,,,1,670,108,0
HSI00001273,Yavapai Regional Medical Center,Prescott,AZ,1,0,18361033,,121,38,34,21,24,2,2,0,1,206,11401,0,0,0,0,0,0,0,0,0,0,0,0,0,,,1,109,0,0
HSI00001274,York Hospital,York,ME,1,0,18388303,,108,35,38,23,35,1,1,0,1,66,3166,0,0,0,0,0,0,0,0,0,0,0,0,0,,,1,89,0,0
HSI00001275,Yuma Regional Medical Center,Yuma,AZ,1,0,18388031,,123,47,38,9,14,1,1,0,1,406,16317,17.78,0,0,0,0,1,0,1,1,1,1,0,0,,,0,0,0,0
HSI00001277,Advocate Aurora Health,Downers Grove,IL,1,1,17773294,1032,5370,2027,1426,552,807,27,24,2,2,5117,263330,787.76,0,0,1,1,1,1,0,0,1,0,0,0,,,1,3597,0,0
HSI00001278,American Academic Health System,El Segundo,CA,1,0,22500493,,534,201,61,17,18,2,2,0,1,595,25305,557.55,1,1,1,1,2,1,0,0,0,0,0,0,,,0,0,0,0
HSI00001281,Astria Health System,Sunnyside,WA,1,1,22251426,1031,105,32,17,17,37,3,3,0,1,185,6451,8.52,0,0,0,0,1,1,0,1,0,0,0,0,,,1,68,0,0
HSI00001284,Ballad Health,Johnson City,TN,1,1,17774104,1033,843,309,388,95,186,21,20,3,2,2054,95982,251.2,0,0,1,0,1,0,0,1,0,0,0,0,,,1,240,23,16
HSI00001286,Bristol Hospital,Bristol,CT,1,0,23068499,,84,26,11,20,23,1,1,0,1,90,5963,0,0,0,0,0,0,0,0,0,,,,,,,0,0,0,0
HSI00001287,Broadlawns Medical Center,Des Moines,IA,1,0,23134766,,122,68,29,15,2,1,1,0,1,117,3266,28.69,0,0,0,0,1,1,0,0,0,0,0,0,,,0,0,0,0
HSI00001288,Brookdale University Hospital And Medical Center,Brooklyn,NY,1,0,23070383,,376,120,32,19,9,1,1,0,1,288,11867,235.21,0,0,1,1,2,1,0,0,0,0,0,0,,,0,0,0,0
HSI00001308,Gifford Health Care,Randolph,VT,1,0,22933084,,55,25,12,10,2,1,1,0,1,29,1279,0,0,0,0,0,0,0,0,0,,,,,,,0,0,0,0
HSI00001309,Goshen Health,Goshen,IN,1,0,20906985,,115,47,58,4,39,1,1,0,1,123,6840,0,0,0,0,0,0,0,0,0,,,,,,,1,79,0,0
HSI00001313,Greenwood Leflore Hospital,Greenwood,MS,1,0,22932721,,55,17,29,0,18,1,1,0,1,173,5070,0,0,0,0,0,0,1,0,0,0,0,0,0,,,0,0,0,0
HSI00001314,Hancock Health,Greenfield,IN,1,0,22843700,,75,32,23,0,17,1,1,1,1,61,2652,0,0,0,0,0,0,0,0,0,0,0,0,0,,,1,46,0,0
HSI00001319,Holland Hospital,Holland,MI,1,0,23134512,,60,20,11,12,6,1,1,0,1,173,8131,0,0,0,0,0,0,0,0,0,,,,,,,1,0,0,17
HSI00001324,Indiana Regional Medical Center,Indiana,PA,1,0,23037478,,55,14,9,15,9,1,1,0,1,134,6033,0,0,0,0,0,0,0,0,0,0,0,0,0,,,0,0,0,0
HSI00001330,Memorial Hospital and Manor,Bainbridge,GA,1,0,22326335,,55,15,8,28,8,1,1,1,1,80,1945,0,0,0,0,0,0,0,1,0,,,,,,,1,0,22,0
HSI00001335,Nathan Littauer Hospital Association,Gloversville,NY,1,0,22251189,,53,31,29,19,10,1,1,0,1,62,2585,0,0,0,0,0,0,0,0,0,0,0,0,0,,,0,0,0,0
HSI00001339,North Country Healthcare,Littleton,NH,0,1,,1030,88,,,,,4,4,,1,91,3276,0,0,0,0,0,0,0,0,0,0,0,0,0,,,1,67,0,0
HSI00001340,Palos Health,Palos Heights,IL,1,0,22186810,,113,35,26,9,9,1,1,0,1,377,18652,0,0,0,0,0,0,0,0,0,,,,,,,1,65,0,0
HSI00001341,Parkview Medical Center,Pueblo,CO,1,0,21207714,,170,82,18,21,16,1,1,0,1,276,13976,44.88,0,0,0,0,1,0,0,0,0,0,0,0,,,0,0,0,0
HSI00001351,San Francisco Health Network,San Francisco,CA,1,0,22325837,,617,292,118,10,21,2,1,2,1,284,15089,264.23,0,0,1,1,2,1,1,1,0,0,0,0,,,0,0,0,0
HSI00001352,Schneck Medical Center,Seymour,IN,1,0,22849715,,57,20,27,7,10,1,1,0,1,92,2708,0,0,0,0,0,0,0,0,0,1,0,0,0,,,1,44,0,0
HSI00001354,Self Regional Healthcare,Greenwood,SC,1,0,23144453,,77,22,14,5,3,1,1,0,1,290,10903,28.42,0,0,0,0,1,0,0,0,0,0,0,0,,,1,150,0,0
HSI00001356,Island Hospital,Anacortes,WA,1,0,22768055,,53,28,16,9,10,1,1,0,1,42,3012,0,0,0,0,0,0,0,0,0,0,0,0,0,,,0,0,0,0
HSI00001358,Southern New Hampshire Health,Nashua,NH,1,0,18187504,,258,89,67,38,55,1,1,0,1,150,7739,3.86,0,0,0,0,1,0,0,0,0,0,0,0,,,1,176,0,0
HSI00001359,Stillwater Medical Center Authority,Stillwater,OK,1,0,22326353,,71,28,19,10,20,2,2,1,1,121,3914,0,0,0,0,0,0,0,0,0,0,0,0,0,,,1,58,0,13
HSI00001365,Valley View Hospital Association,Glenwood Springs,CO,1,0,22829875,,75,18,13,11,8,1,1,0,1,49,3022,0,0,0,0,0,0,1,0,0,0,0,0,0,,,1,0,0,13